label,dim1,dim2
wc0,27.190306,20.944693
wc0,-11.590082,-11.462499
wc0,-25.281225,4.528499
wc0,-12.652797,-3.7701874
wc0,-15.649989,7.0408936
wc0,-19.549442,-13.386392
wc0,-8.871599,-6.678213
wc0,-23.153725,2.1132722
wc0,-13.1986265,-13.025728
wc0,-18.523949,3.212889
wc0,-12.641454,-7.7246604
wc0,-11.888909,-7.6749167
wc0,-18.852665,1.1803515
wc0,-18.118568,-3.156595
wc0,-24.477585,-1.506582
wc0,-17.42339,-7.0542264
wc0,-13.431981,-1.72868
wc0,-20.523834,3.0623715
wc0,-28.386225,-4.1896687
wc0,-11.749398,-4.9905925
wc0,-27.755472,-4.0899453
wc0,-22.956436,8.809254
wc0,-13.749706,-0.060260735
wc0,-18.086666,1.5089239
wc0,-21.66133,5.0301037
wc0,-10.740051,-9.997017
wc0,3.1120694,-6.4865737
wc0,-6.4114075,-7.2859597
wc0,-11.562747,-1.0765254
wc0,-6.9418573,-10.438651
wc0,-8.8483715,-7.2260046
wc0,-14.571452,-5.351861
wc0,-12.549492,-9.985125
wc0,-19.43033,-5.2552204
wc0,-14.43786,-11.889953
wc0,-15.479005,3.7690337
wc0,-17.796291,-7.5158467
wc0,-23.550255,-6.2649655
wc0,-8.25697,7.2855186
wc0,0.27664185,3.791704
wc0,-10.451024,-5.677115
wc0,-9.890984,-10.119545
wc0,-13.68052,-14.114276
wc0,-16.903303,-5.2273736
wc0,-11.001275,-10.518109
wc0,-16.456022,-1.3692983
wc0,-14.667887,-5.311155
wc0,-10.477573,-5.397718
wc0,-22.872963,0.13718037
wc0,-17.405186,-3.763463
wc0,-14.235988,-3.0682282
wc0,-12.776016,-6.1084695
wc0,-26.154938,-9.158233
wc0,-22.468233,-10.096831
wc0,-15.07683,1.446846
wc0,-21.110807,1.6402934
wc0,-23.020498,-13.149984
wc0,-11.652388,-6.8477273
wc0,-15.703669,-9.310687
wc0,-19.1718,-8.189212
wc0,-23.449831,-2.2672749
wc0,-20.2533,10.279669
wc0,-12.411145,7.5440764
wc0,-18.555637,-0.8999533
wc0,-22.712313,7.373488
wc0,-13.75362,9.474433
wc0,-19.079796,0.79950637
wc0,-11.363887,-8.86938
wc0,-20.627016,-2.2062373
wc0,-11.04213,9.088658
wc0,-14.764029,-11.387992
wc0,-17.956186,-4.762813
wc0,-23.211828,-8.097666
wc0,-21.534573,-0.29872152
wc0,-18.543756,-4.16499
wc0,-28.415886,0.628024
wc0,-20.852549,-3.3485186
wc0,-12.66571,-4.3970165
wc0,-12.476912,-6.942401
wc0,-22.332304,-4.6176176
wc0,-8.822938,0.5098136
wc0,-17.221176,10.922605
wc0,-19.88662,-0.8013126
wc0,-14.985575,-10.908066
wc0,-10.396934,-1.2285671
wc0,-17.287596,4.1403093
wc0,-18.739382,-2.4089527
wc0,-10.682534,-4.98902
wc0,-14.449554,-3.4858465
wc0,-18.887953,-4.8322525
wc0,-15.532591,-1.5508516
wc0,-13.637602,3.9086766
wc0,-9.473006,-6.9326124
wc0,-17.481487,-6.842779
wc0,-15.319038,-4.5995913
wc0,-10.213583,-1.2478507
wc0,-7.400757,-5.24464
wc0,-16.082342,-7.7007422
wc0,-15.007451,-1.6804343
wc0,-17.012356,-8.335062
wc0,-10.9799185,-1.3688424
wc0,-15.919995,2.4850438
wc0,-6.2740946,-17.788004
wc0,-14.538543,-8.072553
wc0,-11.710542,-12.156244
wc0,-9.207622,-6.2697268
wc0,-6.5714664,-5.189372
wc0,-13.950045,-7.152209
wc0,-13.526347,-6.14361
wc0,-8.464829,-5.7193313
wc0,-14.779017,-6.747751
wc0,-10.519092,-8.608504
wc0,-10.310066,-12.32875
wc0,-11.277413,-9.874856
wc0,-24.805954,-10.490383
wc0,-10.068953,-2.6209567
wc0,-18.94705,-2.420557
wc0,-18.712639,3.426268
wc0,-17.945543,5.322641
wc0,-19.4236,1.5625554
wc0,-11.778489,1.7084689
wc0,-7.2453647,11.171435
wc0,-20.574768,1.2676637
wc0,-6.474053,-5.604475
wc0,-22.146147,-14.981179
wc0,-12.750746,-6.452014
wc0,-15.479413,-2.194582
wc0,-9.076232,-8.534855
wc0,-18.739414,-11.690993
wc0,-6.6569285,-0.5815915
wc0,-9.527459,-6.6157084
wc0,-23.031763,-3.8383784
wc0,-15.740664,-12.195567
wc0,-6.1573076,-12.191562
wc0,-8.290736,2.5800903
wc0,-18.12741,-10.837783
wc0,-10.53184,-5.7272267
wc0,-10.347219,1.2603407
wc0,-7.2790694,4.466623
wc0,-11.956739,-11.575607
wc0,-19.893711,-13.824138
wc0,-14.776698,-15.339309
wc0,-21.997746,-0.84538686
wc0,-12.246157,-9.919802
wc0,-11.819297,1.1567866
wc0,-13.49531,-6.4224586
wc0,-11.26855,-0.6778869
wc0,-8.289884,1.0308836
wc0,-12.797424,-6.080133
wc0,-25.770412,9.704259
wc0,-16.78917,-0.1803669
wc0,-17.977951,5.973018
wc0,-17.98441,-10.068192
wc0,-13.439357,-7.1785107
wc0,-19.528238,-10.7818985
wc0,-23.145115,2.1966016
wc0,-26.381697,5.793133
wc0,-17.320301,-9.185413
wc0,-12.748569,-0.09472269
wc0,-15.826888,4.8596163
wc0,-6.5018673,0.582652
wc0,-9.295713,-4.8087773
wc0,-9.035096,-10.986928
wc0,-18.758177,-9.434685
wc0,-10.18453,-10.657966
wc0,-18.664452,-4.0670633
wc0,-21.218328,-0.10217373
wc0,-15.47947,-4.6040363
wc0,-11.696749,-7.979183
wc0,-8.5766535,-0.5006582
wc0,-10.186062,0.9240653
wc0,-0.19304694,0.09816091
wc0,-12.093244,-5.1993737
wc0,-25.954105,-0.3551839
wc0,-20.612244,-8.002478
wc0,-12.878302,-2.9005218
wc0,-27.2039,-8.0953665
wc0,-16.20154,-9.298485
wc0,-15.167486,1.2836586
wc0,-9.042179,-9.516521
wc0,10.401927,-6.3249497
wc0,-12.000515,-5.5095544
wc0,-11.137886,6.576438
wc0,-17.165798,2.041249
wc0,-18.905785,-1.3231298
wc0,-26.990448,-6.502222
wc0,-14.0516815,0.48246905
wc0,-7.976034,-10.8188095
wc0,-8.589015,-8.984576
wc0,-12.398379,-10.865138
wc0,-10.068616,-16.459854
wc0,-10.963306,-4.4787107
wc0,-19.009647,-8.056643
wc0,-16.341928,-8.957541
wc0,-14.495702,-10.333542
wc0,-23.182045,-11.421715
wc0,-21.017231,2.8656728
wc0,-14.718894,-10.014832
wc0,-13.767794,9.927337
wc0,-14.939084,-6.9720917
wc0,-13.316598,0.8352247
wc0,-23.767323,-3.0040944
wc0,-26.707964,-6.245372
wc0,-15.803178,-7.196055
wc0,-11.181572,2.3424664
wc0,-11.796386,-7.122611
wc0,-7.508709,-8.576601
wc0,-16.97157,-7.8727355
wc0,-1.0370135,-5.1949177
wc0,-14.612661,-7.158397
wc0,-22.48246,-5.109841
wc0,-16.163033,-9.053549
wc0,-4.19752,-14.104022
wc0,-20.089031,-4.245209
wc0,-7.8418565,-11.605162
wc0,-10.285418,-5.458737
wc0,-12.396828,1.1924442
wc0,-14.057867,9.874012
wc0,-21.504663,3.4888785
wc0,-13.1217985,-2.6849897
wc0,-18.823555,-16.783531
wc0,-18.815523,-5.997267
wc0,-23.436464,-7.8859596
wc0,-12.360944,-4.464669
wc0,-11.2775955,-6.290352
wc0,-14.833676,-7.5390525
wc0,-19.36705,3.419459
wc0,-13.117923,-8.340281
wc0,-9.7687435,-4.385521
wc0,-19.23301,-0.68629247
wc0,-18.246979,-6.6539717
wc0,-7.173025,-4.8885994
wc0,-13.537786,-11.260943
wc0,-11.987292,-5.369056
wc0,-16.018574,-9.329387
wc0,-11.331791,-4.536339
wc0,-15.33641,-5.1423464
wc0,-13.99044,-11.062659
wc0,-11.710898,-2.5279617
wc0,-8.571578,-4.239188
wc0,-13.86001,-0.42166218
wc0,-18.512695,4.337263
wc0,-8.150349,0.96236265
wc0,-16.88517,0.52790034
wc0,-20.700727,-11.694911
wc0,-20.408024,1.391157
wc0,-19.76089,-3.3157938
wc0,-18.460924,1.9881786
wc0,-18.049265,-7.0816584
wc0,-9.257449,-6.8386087
wc0,-10.818324,-8.669932
wc0,-6.4431524,-11.599174
wc0,-9.616833,-5.908027
wc0,-19.419064,2.6513734
wc0,-22.523714,-1.832017
wc0,-26.184477,-1.9719534
wc0,-16.19438,1.2008811
wc0,-16.594133,4.994857
wc0,-15.993918,-13.690928
wc0,-20.351608,-6.529645
wc0,-18.681114,-4.0348296
wc0,-15.808494,0.44389528
wc0,-19.56598,-1.4099933
wc0,-27.358562,-0.9908165
wc0,-21.43098,1.3402895
wc0,-14.34966,3.5717993
wc0,-2.4219587,-1.8436618
wc0,-17.202438,-4.2146506
wc0,-25.736807,-1.6132098
wc0,-20.567883,-6.360238
wc0,-15.380916,-0.16776504
wc0,-16.209572,-3.855069
wc0,-11.16356,-6.060104
wc0,-3.5017834,-8.526274
wc0,-16.64931,-1.9586955
wc0,-4.9433737,-5.439182
wc0,-20.51722,-9.834937
wc0,-24.083727,-9.139652
wc0,-24.956533,-9.212647
wc0,-16.462763,-3.1992955
wc0,-4.98712,-6.1960998
wc0,-18.056746,-5.883159
wc0,-18.44404,-3.4683774
wc0,-12.324378,-7.4650226
wc0,-18.531464,-4.487936
wc0,-11.910513,3.3447156
wc0,-19.133446,-6.117214
wc0,-26.30175,-4.7228117
wc0,-21.889341,-6.5678377
wc0,-8.031248,-4.1684546
wc0,-14.176004,-5.36019
wc0,-18.259161,5.9611044
wc0,-17.114717,-4.522928
wc0,-25.379429,-4.47971
wc0,-14.2060375,-6.413282
wc0,-9.400709,0.6075055
wc0,-15.463144,10.259445
wc0,-16.856937,-7.243398
wc0,-18.798677,-0.7302737
wc0,-12.028517,7.005357
wc0,-20.703238,-15.504302
wc0,-25.960602,-0.02746889
wc0,-30.07762,3.8208394
wc0,-15.742275,-5.2613587
wc0,-16.880373,0.69545275
wc0,-20.105469,-8.327848
wc0,-20.188332,3.1805155
wc0,-22.677248,-7.7948084
wc0,-6.424411,-4.167198
wc0,-3.2784066,-4.996243
wc0,-15.400907,-2.6083903
wc0,-13.541772,-8.577778
wc0,-12.122449,-2.2651286
wc0,-8.67664,-10.81383
wc0,-5.6945086,-3.282459
wc0,-11.147449,-9.92066
wc0,-14.126851,-7.7311993
wc0,-17.842598,-7.675658
wc0,-13.355926,-1.8409848
wc0,-16.2413,-0.98581886
wc0,-5.7892723,-1.4393171
wc0,-26.473759,1.3844547
wc0,-25.447437,1.3589647
wc0,-21.802551,4.720802
wc0,-18.228888,-12.18528
wc0,-3.6804001,22.39586
wc0,-13.028091,2.1176739
wc0,-19.248732,3.4953368
wc0,-21.020151,-0.182275
wc0,-21.283365,-3.0917592
wc0,-21.949244,-6.5785866
wc0,-9.241969,3.6183052
wc0,-14.279792,2.8735836
wc0,-3.5378785,-9.029785
wc0,-7.993583,-4.923029
wc0,-20.536465,-9.586204
wc0,-15.33048,-6.4213915
wc0,-14.384568,-5.2698135
wc0,-10.882289,-7.599285
wc0,-1.1709566,-14.905196
wc0,7.7063117,7.960269
wc0,-20.470037,7.9560266
wc0,-16.828115,-1.7802869
wc0,-22.510664,-4.352951
wc0,-12.465099,-12.22793
wc0,-5.5491605,-0.037959997
wc0,-11.822041,-0.52594364
wc0,-14.02306,-2.8105958
wc0,-11.991579,-5.95906
wc0,-18.794096,-7.3801565
wc0,-21.901728,-10.718953
wc0,-12.109586,-8.681698
wc0,-10.243304,4.988453
wc0,-24.702557,-2.927165
wc0,-17.613039,-1.7629447
wc0,-20.704573,-11.675048
wc0,-12.127866,-6.1085086
wc0,-21.38163,-4.6405854
wc0,-10.425293,-13.221792
wc0,-17.005125,7.0072317
wc0,-0.25977027,8.318873
wc0,-21.100037,-3.0830202
wc0,-11.936265,-5.6177607
wc0,-13.192717,0.8625238
wc0,-12.424371,-7.5632334
wc0,-11.552942,-3.121945
wc0,-12.452563,-4.3236127
wc0,-12.457076,-7.775118
wc0,-9.906008,-6.3891172
wc0,-9.398282,-3.306423
wc0,-7.140275,-3.9915721
wc0,-11.865558,-15.8935375
wc0,-17.55273,-0.6464771
wc0,-13.711941,-0.88573396
wc0,-21.344109,-8.487228
wc0,-14.55577,7.164777
wc0,-28.234707,-2.9575102
wc0,-8.055215,-6.1171613
wc0,-25.602709,4.453713
wc0,-12.163148,-3.3474472
wc0,-14.545771,-7.992655
wc0,-11.884964,-4.4914975
wc0,-10.12323,-4.4513636
wc0,-13.68064,-4.230781
wc0,-21.510324,-7.4218473
wc0,-16.629591,4.9782662
wc0,2.0245962,-17.133944
wc0,-6.8763127,0.45892113
wc0,-20.473291,-9.809383
wc0,-14.435682,3.7042153
wc0,-20.57962,8.032341
wc0,-11.87685,-3.9904704
wc0,-17.181541,2.0781949
wc0,-0.6973548,4.8051314
wc0,-15.821437,-8.262692
wc0,-16.843115,3.0207188
wc0,-0.51060313,-6.4116755
wc0,-12.710975,3.9576306
wc0,-18.64385,-4.34371
wc0,-7.586129,-4.7658963
wc0,-7.045525,-5.633892
wc0,-0.93870974,-2.791638
wc0,-11.6188965,-7.407919
wc0,-19.478086,-5.72082
wc0,-21.076069,-12.839228
wc0,-11.630057,-4.5046186
wc0,-22.582155,9.351678
wc0,-12.162399,-10.21233
wc0,-16.971794,-12.890334
wc0,-20.28769,5.390591
wc0,-21.932438,4.4217467
wc0,-8.493744,1.6532942
wc0,-21.18001,2.1083548
wc0,-11.776885,-11.54725
wc0,-10.384679,1.3731936
wc0,-22.708138,-1.8947415
wc0,-18.217667,-0.066388965
wc0,-12.189535,-3.4007945
wc0,-19.529287,-11.515017
wc0,-17.829771,-0.5639025
wc0,-18.567856,5.9107757
wc0,-25.099915,-4.58748
wc0,-2.384789,-10.868235
wc0,-21.433517,-1.5196956
wc0,-6.3957725,-9.427358
wc0,-17.837187,0.6109434
wc0,-7.9206214,-2.3639183
wc0,-9.028603,-2.7055128
wc0,-9.504457,-2.0086327
wc0,-5.7195263,18.610796
wc0,-20.169819,-2.2538116
wc0,-17.153435,1.6145285
wc0,-6.3024454,-11.533917
wc0,-10.857546,7.6794057
wc0,-20.783966,7.8986616
wc0,-9.767676,-2.2709253
wc0,-22.076504,-9.899542
wc0,-9.886462,8.6863575
wc0,-8.631286,-7.7735705
wc0,-6.8105226,8.810156
wc0,-14.970343,10.805673
wc0,-16.464725,-1.738421
wc0,-16.062332,-5.5234475
wc0,-17.039991,0.4969449
wc0,0.67992324,-2.0044205
wc0,-30.71458,-4.0383334
wc0,-17.412281,-6.2040753
wc0,-25.759613,1.3611093
wc0,-29.1232,-6.2712154
wc0,-14.064312,7.6737595
wc0,-21.112982,5.8860703
wc0,4.887243,-6.589758
wc0,-22.337807,3.1956115
wc0,-9.837313,-17.663528
wc0,-28.79245,-10.01153
wc0,-8.454675,-13.212176
wc0,-16.322926,-1.3839095
wc0,-22.504477,-1.8522806
wc0,-14.408365,-6.613633
wc0,-13.760158,9.472172
wc0,-10.340937,-12.3774395
wc0,-4.462435,9.138131
wc0,3.4503655,8.755758
wc0,-29.267342,-1.5896213
wc0,-8.857801,-7.612982
wc0,-6.2765036,-9.853565
wc0,-15.12863,-0.48860747
wc0,-15.098825,-3.7381506
wc0,-13.389505,-10.409323
wc0,-15.8156395,-3.6722124
wc0,-22.604519,-4.4194665
wc0,-17.384623,-14.499348
wc0,-11.941657,-1.9111395
wc0,-13.856413,1.0964628
wc0,-4.041532,-6.395108
wc0,-8.727474,-13.475815
wc0,-16.832455,-5.8554835
wc0,-9.591112,1.7422436
wc0,-15.068189,1.0893366
wc0,-15.263326,3.7886689
wc0,-14.948719,-0.28917867
wc0,-12.03636,4.0164185
wc0,-5.759811,1.2112314
wc0,-17.856983,0.3828916
wc0,-14.841757,-5.0373006
wc0,-16.76417,-10.274416
wc0,-9.982007,-6.353552
wc0,-15.412858,-7.499003
wc0,-13.003358,-5.374303
wc0,-9.888816,-0.75709176
wc0,-21.969393,-10.555881
wc0,-13.509234,-8.973477
wc0,-17.829142,-0.3331317
wc0,-11.539463,-5.9522867
wc0,-11.420437,-4.1764116
wc0,-12.787401,-4.6882043
wc0,-14.431188,-11.885965
wc0,-17.652338,-9.359647
wc0,-20.927576,9.539493
wc0,-7.2631836,-8.669658
wc0,-18.529163,5.761312
wc0,-20.329031,3.3966622
wc0,-8.108452,-6.279571
wc0,-14.794187,-5.920967
wc0,-10.613602,-4.3979173
wc0,-17.893213,3.1451142
wc0,-9.111444,-8.1903305
wc0,-10.958655,-3.0479841
wc0,-10.586779,-6.0379276
wc0,-17.935606,-8.178854
wc0,-25.100565,-0.40127298
wc0,-16.63092,6.1000624
wc0,-24.953085,-13.18084
wc0,-13.205167,-7.337724
wc0,-11.548396,-7.7786098
wc0,-27.907059,1.2926487
wc0,-0.75574654,-0.06344292
wc0,-9.987161,-8.025148
wc0,-10.133896,-9.315643
wc0,-12.920554,-2.894423
wc0,-9.832164,-5.508427
wc0,-22.212725,-9.711221
wc0,-11.2717705,-0.90254986
wc0,-14.003193,-1.3272814
wc0,-16.720905,-5.2509546
wc0,-17.287539,-5.336253
wc0,-14.122558,-2.341851
wc0,-18.09134,-7.0827727
wc0,-6.4330173,8.510942
wc0,-4.1233006,8.968773
wc0,-18.411587,1.5972563
wc0,-12.587939,-9.884727
wc0,-21.298557,1.4136703
wc0,-26.469097,-2.0691435
wc0,-19.479567,0.67660326
wc0,-10.140118,-7.410698
wc0,-6.6485696,-2.951714
wc0,-24.850899,-7.231521
wc0,-18.98691,0.30044633
wc0,-9.241203,-0.7333554
wc0,-20.073462,-0.87961596
wc0,-13.048924,-6.782779
wc0,-21.977364,-6.5840273
wc0,-23.585617,-6.22367
wc0,-15.8692,-13.501251
wc0,-19.73683,14.092466
wc0,-18.330559,-4.936611
wc0,-6.8195543,-0.5920077
wc0,-24.6675,-2.1634598
wc0,-16.395672,-4.537728
wc0,-24.261646,-0.37387326
wc0,-24.099323,-4.549102
wc0,-7.760349,-1.4637022
wc0,-15.424804,14.361383
wc0,-10.919189,5.8824325
wc0,4.4175916,3.7933192
wc0,-12.0912895,4.2266016
wc0,-13.038573,-1.2225068
wc0,-10.617895,-7.449222
wc0,-29.03777,-6.081298
wc0,-25.241087,-10.768179
wc0,-22.419155,7.1710944
wc0,-17.218744,-0.8077603
wc0,-18.687952,-7.7303834
wc0,-23.284601,5.0071597
wc0,-24.963408,2.7502756
wc0,-11.45954,-0.84573597
wc0,-13.406314,-7.8541913
wc0,-21.620214,-16.949677
wc0,-7.096289,-8.87636
wc0,-7.0196333,-7.425222
wc0,-6.284482,-7.6472635
wc0,-23.230522,2.2370982
wc0,-29.649027,-7.9468794
wc0,-20.899368,-6.8282948
wc0,-20.390598,-5.0577393
wc0,-16.970549,-10.996582
wc0,-20.68732,0.39945695
wc0,-28.968874,-1.5118421
wc0,-10.662954,8.602279
wc0,-15.079277,-0.36843443
wc0,-14.580396,-1.7106881
wc0,9.715065,10.36334
wc0,-12.210297,-8.205354
wc0,0.19803266,-11.27874
wc0,6.2196736,-11.080382
wc0,-16.057354,6.227718
wc0,-9.841894,-0.86492336
wc0,-16.685738,-12.167059
wc0,-18.34814,-5.944634
wc0,-23.38322,-6.6222577
wc0,-14.768974,-4.9008827
wc0,-28.401266,0.56157726
wc0,-12.537183,-7.1381283
wc0,-13.252642,-9.232089
wc0,-19.287872,-9.602455
wc0,-11.70901,-10.599122
wc0,-6.6419983,-5.769941
wc0,-16.141823,-6.471098
wc0,-10.2604885,-2.8290234
wc0,-27.803652,-3.8434982
wc0,-22.11795,-14.904765
wc0,-9.449547,-3.0340822
wc0,-20.106554,6.5662017
wc0,-21.67866,-1.2235632
wc0,-24.175999,10.178033
wc0,-21.542616,-8.534383
wc0,-3.917219,-18.105053
wc0,6.1942587,-3.1652539
wc0,-18.50397,-3.910971
wc0,-20.016953,-6.5692167
wc0,-9.850783,6.149886
wc0,-16.757845,3.3365364
wc0,-17.11139,-10.375628
wc0,-17.049261,-4.065372
wc0,-25.09787,2.6683981
wc0,-16.676867,1.3751218
wc0,-15.835147,-12.99732
wc0,-13.802302,7.643761
wc0,-9.442057,-11.363626
wc0,-13.788743,-9.826997
wc0,-8.997576,-6.266288
wc0,-14.18266,-8.653887
wc0,-18.404842,-6.695665
wc0,-2.3486006,-8.662694
wc0,-13.562799,-7.827771
wc0,-15.283221,-4.0775027
wc0,-22.30305,2.0668652
wc0,-28.886133,-6.825491
wc0,-29.027096,-6.259395
wc0,-24.088835,-0.4218323
wc0,-15.699131,-3.7214577
wc0,-21.054462,1.9053762
wc0,-13.650379,-1.5184965
wc0,-16.900686,-5.455811
wc0,-13.007816,-5.39319
wc0,-7.9552064,-7.762983
wc0,-8.374945,-3.0192418
wc0,1.8197527,13.921093
wc0,-12.449552,11.563982
wc0,-23.097452,4.1558356
wc0,-21.07403,-12.794345
wc0,-10.581539,-8.718945
wc0,-23.108368,-13.068966
wc0,-12.789783,-9.28967
wc0,-21.729347,-9.421882
wc0,-24.059702,0.6840984
wc0,-8.358061,-0.5584829
wc0,-19.121061,10.866448
wc0,-21.118578,-2.0226507
wc0,-20.681301,-4.8444343
wc0,-10.89902,-2.4093468
wc0,-13.306921,-2.031793
wc0,-10.916013,-13.235504
wc0,-23.517622,-5.906469
wc0,-15.35437,-8.162101
wc0,-16.251854,0.5586244
wc0,-10.905873,2.2862942
wc0,-12.349404,-1.4346492
wc0,-17.195229,-9.663766
wc0,-20.725647,-6.729981
wc0,-2.1614406,-7.138729
wc0,-12.92795,-0.59681135
wc0,-2.805227,-3.40615
wc0,-18.427944,-1.8719357
wc0,-13.478267,-5.227959
wc0,-19.344294,-15.26561
wc0,-20.187185,0.28486162
wc0,-10.500372,1.1408659
wc0,-10.610844,-13.176088
wc0,-16.230015,-7.397217
wc0,-23.625183,-2.4972308
wc0,-14.072615,1.6123207
wc0,-24.669966,5.4011197
wc0,-25.612085,-0.29528207
wc0,-26.253859,-3.4594283
wc0,-22.482794,-5.92397
wc0,-14.263825,5.2741737
wc0,-15.854751,-8.255207
wc0,-2.327451,-12.9316025
wc0,-16.710178,-5.4080544
wc0,-9.516786,-6.4811697
wc0,-22.187199,-8.168802
wc0,-17.820963,-0.94670475
wc0,-23.628296,-10.477753
wc0,-3.8317,-10.238694
wc0,-11.065746,6.3552127
wc0,-9.196408,-2.6113489
wc0,-11.667533,1.5893829
wc0,-10.423621,-9.103752
wc0,-15.841088,-9.126155
wc0,-8.042001,0.98354006
wc0,-11.039359,-7.7170835
wc0,-18.865095,-9.55376
wc0,-14.883264,-15.546178
wc0,-16.551216,-11.818884
wc0,-20.349945,5.035287
wc0,-20.113045,5.039638
wc0,-12.509287,-1.474354
wc0,-10.609586,1.9574147
wc0,-6.055717,-5.453836
wc0,-14.777847,-0.27293304
wc0,-9.631713,-9.760771
wc0,-22.605726,-0.49761635
wc0,-17.137934,3.198335
wc0,-22.549171,0.20065674
wc0,-4.857938,-2.553421
wc0,-9.157818,-12.345813
wc0,-24.930176,-6.9914875
wc0,-14.791522,-8.357618
wc0,-27.371197,3.911339
wc0,-26.96165,-1.346377
wc0,-24.812582,3.3858528
wc0,-23.754192,-3.091503
wc0,-18.334436,2.2583776
wc0,-24.506575,5.3983526
wc0,-6.2185683,-3.7477217
wc0,-20.122458,-4.4743533
wc0,-6.4785523,-3.678594
wc0,-18.530071,1.4561821
wc0,-18.46668,-1.9611105
wc0,-19.18406,11.423758
wc0,-24.447868,-0.27926144
wc0,-13.041214,-6.000439
wc0,-20.179266,-4.570447
wc0,-14.298166,10.314858
wc0,-16.6642,-10.093217
wc0,-21.468613,-5.2496104
wc0,-27.396496,-3.92556
wc0,-5.429872,2.9054608
wc0,-20.309643,-4.6764536
wc0,-19.521166,2.9232244
wc0,-17.13512,-4.297387
wc0,-27.197826,-7.94426
wc0,-25.31311,6.673947
wc0,-13.239099,-13.126941
wc0,-20.329065,-8.133474
wc0,-9.571154,6.799615
wc0,-22.694942,0.05170913
wc0,-21.495914,-0.9662302
wc0,-6.7609434,9.016181
wc0,-21.096764,5.759792
wc0,-15.03354,-1.6240067
wc0,-30.728603,-4.0336967
wc0,-14.231528,-9.069064
wc0,-17.121597,6.385452
wc0,-13.124672,2.0872054
wc0,-14.666845,-11.996582
wc0,-9.279746,-9.231952
wc0,-9.959455,-8.649352
wc0,-9.003614,0.54136395
wc0,-10.396128,-13.156906
wc0,-13.833114,-0.41968384
wc0,-14.597248,-7.462419
wc0,-17.790537,-1.0888873
wc0,-15.578214,-0.7112789
wc0,-16.478378,-3.0175545
wc0,-15.705954,-4.575585
wc0,-14.447513,-6.31476
wc0,-29.19069,6.9248047
wc0,-24.372303,-0.15488154
wc0,-20.052393,-6.3795896
wc0,-20.736666,-10.121446
wc0,-13.295297,3.020359
wc0,-11.792771,3.9231057
wc0,-9.098683,-5.183482
wc0,-13.7908535,3.9027085
wc0,-14.318107,12.332548
wc0,-18.940014,-10.005241
wc0,-11.295185,-5.5162854
wc0,-12.073936,-13.365906
wc0,-25.912962,-12.762227
wc0,-8.220255,-3.0213404
wc0,-28.861574,-6.270121
wc0,-26.499178,8.0709305
wc0,-9.769469,1.26863
wc0,-17.926273,-14.54317
wc0,-18.120762,-2.966613
wc0,-19.825949,-0.924457
wc0,-13.467352,-11.797155
wc0,-18.718122,-13.331662
wc0,-14.540755,-5.881421
wc0,-22.38666,-1.7870976
wc0,-23.625963,-16.43137
wc0,-22.39394,10.290538
wc0,-24.58366,-3.4599822
wc0,-15.322962,-10.852835
wc0,4.6955385,7.3139186
wc0,-13.154001,-14.486465
wc0,-15.514164,-3.7929602
wc0,-24.07946,-9.283828
wc0,-11.420026,-6.3755107
wc0,-15.277047,1.3581394
wc0,-23.834587,7.5648766
wc0,-11.857183,1.8275702
wc0,-10.664176,0.24537222
wc0,-20.094126,-16.580933
wc0,-22.511215,-1.2184169
wc0,-12.772244,-5.127723
wc0,-12.434541,-8.7215805
wc0,-16.289772,-8.404819
wc0,-6.0255947,-16.706635
wc0,-14.0445595,-6.801739
wc0,-14.827726,-2.799628
wc0,-12.388571,5.4981346
wc0,-9.64714,-20.044004
wc0,-22.594276,1.0741218
wc0,-22.201668,-3.0872476
wc0,-19.471888,-18.367872
wc0,-22.424662,0.15637955
wc0,-10.263171,-8.575851
wc0,-15.957899,2.4778178
wc0,-19.40998,-18.314514
wc0,-8.43749,-14.7860775
wc0,-12.082753,-3.0287285
wc0,-20.178865,-2.8950853
wc0,-11.604489,-11.644036
wc0,-19.473448,-3.333371
wc0,-11.178506,-5.2791815
wc0,-16.964602,-2.9259965
wc0,-9.452644,-13.354693
wc0,-6.2248254,14.775453
wc0,-4.255733,-4.5594206
wc0,-10.394841,-0.014429988
wc0,-7.8315735,-7.199609
wc0,6.591417,-3.587545
wc0,-8.615375,-8.104534
wc0,-24.430063,-5.8212657
wc0,-19.15259,-10.38568
wc0,-21.796972,-2.7692525
wc0,-4.828695,-2.4750657
wc0,-23.270475,-1.4119438
wc0,-14.858497,-16.51109
wc0,-14.805204,-13.421261
wc0,-23.721348,-6.423174
wc0,-7.587148,-3.9913535
wc0,-15.105423,2.6345172
wc0,9.804902,-6.8532825
wc0,-18.259653,-11.311147
wc0,-26.389488,-2.053182
wc0,-17.39067,-14.54496
wc0,-13.018393,2.6712286
wc0,-19.397837,-7.958013
wc0,-11.441771,-9.025222
wc0,-20.577475,-4.5865345
wc0,-13.520253,2.0476964
wc0,-9.918541,-3.8620982
wc0,-21.410738,1.2440543
wc0,-23.283026,-3.4296947
wc0,-8.997205,-13.818171
wc0,-7.1823606,-6.881452
wc0,-8.053347,-8.635964
wc0,0.05496214,-0.6141108
wc0,-21.207085,-5.1051984
wc0,-13.187127,-5.866526
wc0,-23.179798,4.6063566
wc0,-25.09103,-9.232551
wc0,-9.855178,-9.48292
wc0,-9.971017,9.042156
wc0,-17.663841,-9.013873
wc0,-9.447974,-7.7491994
wc0,-17.255354,-5.5085855
wc0,-12.948042,-5.147904
wc0,-23.85953,-9.088757
wc0,-8.0648985,-1.6581917
wc0,-17.24481,-1.7523785
wc0,-16.85812,-10.372025
wc0,-13.609545,-0.26501998
wc0,-17.97174,-14.679778
wc0,-15.165108,0.043435797
wc0,-8.872138,-1.1902223
wc0,-8.466026,2.435712
wc0,-9.508055,-12.828535
wc0,-19.617882,2.8139381
wc0,-18.168911,-5.0265727
wc0,-21.003479,-7.828605
wc0,-19.809952,-3.5450099
wc0,-14.592805,-8.5873
wc0,-17.967634,-9.048389
wc0,-7.576375,-6.773208
wc0,-18.730646,-2.3974164
wc0,-8.64762,-9.686039
wc0,-22.17792,-3.1183991
wc0,-19.797125,-0.756886
wc0,-25.17362,-4.271542
wc0,-14.583971,5.2698574
wc0,-13.473696,-8.143855
wc0,-10.572872,-7.6740565
wc0,-18.372654,5.933117
wc0,2.5133448,27.009377
wc0,-0.59576595,10.956439
wc0,-20.482574,-2.0480053
wc0,-11.365044,12.897578
wc0,-21.263905,0.028530907
wc0,2.385267,-1.2690201
wc0,-20.07818,-0.9311126
wc0,-10.265567,-15.042197
wc0,-21.308521,5.7351546
wc0,-24.357985,10.209335
wc0,-13.069179,1.0976018
wc0,-12.85191,-11.13425
wc0,14.121294,3.0076218
wc0,-11.661823,11.203675
wc0,-19.571764,-7.262587
wc0,-14.455634,-9.789829
wc0,-9.475527,-4.8603535
wc0,-25.059048,-1.3644006
wc0,-22.02998,3.034286
wc0,-26.684717,-5.676899
wc0,-17.969566,-2.7334392
wc0,-20.942162,-11.362361
wc0,-0.3492407,-1.256529
wc0,-6.299631,-2.9165432
wc0,-11.736661,-2.0238554
wc0,-19.458084,-2.430502
wc0,-17.825964,-8.992923
wc0,-14.509644,7.182574
wc0,-26.827805,-5.236389
wc0,-9.884637,-3.694175
wc0,-14.009752,-5.203841
wc0,-7.0146337,-6.061062
wc0,-5.445512,0.7007421
wc0,-19.636877,-5.034817
wc0,-18.609373,1.1154131
wc0,-11.0135145,0.021962803
wc0,-12.940345,4.139856
wc0,3.3135583,-0.13451593
wc0,-8.402242,-5.3537455
wc0,-15.033943,-10.681717
wc0,-3.5184503,-5.5439725
wc0,-10.921214,-3.2473068
wc0,-10.85235,-4.092316
wc0,-14.716256,-4.019899
wc0,-23.35723,5.1153684
wc0,-18.75097,-10.173066
wc0,-14.988674,-7.1108303
wc0,-13.566538,-10.713467
wc0,-10.53316,-3.5138278
wc0,-15.398545,-1.7855879
wc0,-20.893759,-14.004608
wc0,-9.8743305,-1.3107799
wc0,-30.394579,3.80913
wc0,8.362116,7.644071
wc0,-12.7017565,-2.9706566
wc0,-13.231942,-7.376177
wc0,-10.650565,-8.633772
wc0,-16.665522,2.6001196
wc0,-16.138607,-6.6813545
wc0,-25.630554,-0.18095896
wc0,-28.205982,4.63696
wc0,-7.93299,-4.1833463
wc0,-16.631916,-10.208476
wc0,-24.810835,-7.0542274
wc0,-12.332095,-6.4745135
wc0,-6.95436,-1.8777642
wc0,-16.691557,-6.6273785
wc0,-15.564228,-5.7139773
wc0,-6.2096186,-4.922309
wc0,-12.001442,0.5055476
wc0,-14.598745,12.654904
wc0,-16.428246,1.9553488
wc0,-23.64332,4.6716323
wc0,-18.433464,-5.9336963
wc0,-23.072666,-8.030794
wc0,-29.056864,2.7514143
wc0,5.925555,3.0426412
wc0,-17.69106,-3.0229003
wc0,-12.140157,0.34505436
wc0,-11.694744,-7.190735
wc0,-25.035513,2.659003
wc0,-19.121273,-7.7490506
wc0,-10.168873,4.9290485
wc0,-23.830772,-5.753111
wc0,-20.46332,3.8659847
wc0,-9.134424,-3.7658527
wc0,-10.895064,-3.6429706
wc0,-2.6689713,12.945589
wc0,-27.936148,1.542977
wc0,-8.823031,-16.236782
wc0,-12.043668,-5.981733
wc0,-1.8124943,11.1270895
wc0,-13.789404,-5.833049
wc0,-11.217997,6.4086814
wc0,-7.2254767,-4.116507
wc0,-12.624995,-6.1015806
wc0,-15.420006,-1.2775778
wc0,-20.119387,-8.692087
wc0,-16.822351,-2.9238822
wc0,-24.258787,0.69381166
wc0,-24.772238,-7.4886527
wc0,-15.7339735,-2.5704963
wc0,-15.013851,2.6407373
wc0,-20.742762,-2.2126968
wc0,-12.056381,-0.5791369
wc0,-20.92647,3.2359502
wc0,-7.131623,4.2546144
wc0,-25.844694,-5.937159
wc0,-27.427504,3.8302608
wc0,-17.417658,-2.3888345
wc0,-25.954437,2.2353911
wc0,-26.328848,-3.47784
wc1,27.190306,20.944693
wc1,0.5384567,-21.600567
wc1,-3.6416419,-9.352051
wc1,2.5259058,1.5768237
wc1,12.964368,7.707324
wc1,19.32452,1.3326576
wc1,13.573377,14.953167
wc1,-11.767836,3.378166
wc1,9.811268,-2.116076
wc1,1.1531647,2.4136095
wc1,-13.590204,6.1756945
wc1,-3.8265648,5.2562513
wc1,-7.8198223,-3.6276355
wc1,0.8861948,8.558661
wc1,7.093551,0.17559583
wc1,9.275699,-0.603767
wc1,24.967289,2.2327025
wc1,5.751287,-1.6461427
wc1,1.0188731,-6.539491
wc1,9.3701315,9.245476
wc1,17.8125,-0.26260012
wc1,-0.44897702,-4.15347
wc1,-1.9562331,-15.681292
wc1,-16.610186,-16.096548
wc1,2.5682087,-14.841295
wc1,18.028063,-7.4045897
wc1,6.828164,-8.882921
wc1,-8.867705,-16.27681
wc1,-11.624937,-11.86032
wc1,14.150175,2.3095555
wc1,11.842018,-1.6325132
wc1,-3.4829593,-7.977425
wc1,-12.272199,-17.943783
wc1,16.540554,-8.19003
wc1,-30.800741,-1.2447387
wc1,0.15254045,-10.265441
wc1,1.9158816,-10.774949
wc1,3.9808002,-13.49621
wc1,-28.938313,-1.4894998
wc1,-7.877215,-9.952879
wc1,-15.713657,-21.619833
wc1,-1.6967063,2.293007
wc1,9.329826,-3.9383605
wc1,6.5853496,-9.870043
wc1,11.181824,4.216403
wc1,10.624751,-4.868229
wc1,5.136535,-15.50461
wc1,15.3294935,10.971094
wc1,4.023951,-16.291216
wc1,2.0492861,-12.930582
wc1,-1.1234703,-0.7176475
wc1,-3.9300783,-0.3382955
wc1,16.585188,-6.766828
wc1,-16.415087,-15.941416
wc1,13.157143,0.83540785
wc1,15.953068,4.190071
wc1,-10.198054,2.814436
wc1,-28.583447,-10.264463
wc1,6.6092215,-1.2235092
wc1,-3.4226058,-10.279313
wc1,7.1948066,-10.306869
wc1,-8.84739,-5.208463
wc1,-0.7990489,0.064418115
wc1,-16.272587,-16.728514
wc1,-6.436444,-5.931278
wc1,17.448847,-2.1400855
wc1,-10.412106,2.6374066
wc1,-16.905212,8.69036
wc1,5.52466,6.219329
wc1,8.44176,-4.047288
wc1,11.920044,1.541443
wc1,5.249212,-7.655662
wc1,6.549005,-12.749088
wc1,22.904537,2.865461
wc1,-17.345129,15.744166
wc1,29.067257,3.6340306
wc1,-2.1672316,3.6694298
wc1,-10.203626,2.578624
wc1,-11.850013,-14.660116
wc1,5.9990673,-9.1987705
wc1,10.954897,-2.0871756
wc1,-25.046606,-15.011598
wc1,-3.4658897,-9.335007
wc1,10.517379,-4.129776
wc1,5.838754,25.697906
wc1,14.567691,9.260342
wc1,17.929214,7.984233
wc1,2.1464686,-3.8961747
wc1,2.790605,-0.6377615
wc1,5.379911,-2.6830795
wc1,9.301201,-16.936642
wc1,-2.4484215,22.211016
wc1,-1.4870908,-9.2182455
wc1,0.41987428,-12.681554
wc1,-5.6148396,-8.211403
wc1,1.4898851,9.176939
wc1,15.079612,4.34046
wc1,3.9652355,-0.6318313
wc1,-6.536163,-0.7191675
wc1,-3.4503005,4.328892
wc1,-7.7975154,2.986499
wc1,-7.8392124,-12.421251
wc1,2.2151203,-4.948685
wc1,11.615737,-3.6773303
wc1,6.61664,-14.9603405
wc1,16.512117,5.966062
wc1,9.304531,6.8938384
wc1,16.952593,-17.767118
wc1,25.410803,16.710745
wc1,8.8656,8.441309
wc1,5.612742,-0.47304347
wc1,3.8102229,-1.1922613
wc1,-7.171299,1.343483
wc1,15.223094,-8.926642
wc1,0.42595753,5.234411
wc1,6.52452,-3.2424629
wc1,6.5886517,-2.4750106
wc1,27.769491,6.430892
wc1,10.203294,-17.976511
wc1,-4.7131376,-15.884415
wc1,10.904162,-9.422819
wc1,-2.1193135,-9.505686
wc1,0.8494183,12.852801
wc1,9.589448,-1.5619605
wc1,-26.866976,-6.4115586
wc1,-4.969187,-0.9856579
wc1,3.5467834,-8.579479
wc1,20.262953,-10.33443
wc1,5.1819787,-4.032114
wc1,6.802626,-20.300493
wc1,10.396274,-2.5442157
wc1,20.51867,-13.93589
wc1,10.305282,-1.2578279
wc1,-12.512102,-17.504383
wc1,7.6789045,-2.814151
wc1,-6.790093,-6.418511
wc1,14.728858,-2.0721655
wc1,-2.5474753,1.3542882
wc1,-3.1849945,13.607798
wc1,-4.000004,-12.64653
wc1,-10.973962,-4.2672863
wc1,16.887764,-6.1813307
wc1,-13.1685095,-1.6045024
wc1,-0.7642128,-5.0285177
wc1,-15.729851,11.901844
wc1,-1.4188384,-6.0814576
wc1,-10.151358,-2.5167966
wc1,-8.44086,2.7741659
wc1,-0.6089594,7.73185
wc1,4.2000246,-14.167355
wc1,6.3784785,9.778996
wc1,-7.5535183,14.269761
wc1,-2.5581908,5.6148515
wc1,18.679329,2.500212
wc1,3.1955514,-6.12558
wc1,-4.0895257,-25.3593
wc1,1.601806,-7.0591683
wc1,9.858241,-1.3404319
wc1,11.851925,-6.617523
wc1,2.023082,-2.3980236
wc1,1.941953,-0.5254244
wc1,15.370152,7.7979326
wc1,-11.605607,-17.36157
wc1,3.6536114,-8.584121
wc1,-17.335121,15.753658
wc1,18.647268,9.12418
wc1,10.480549,25.675446
wc1,-1.0514725,-4.5682735
wc1,-10.983747,-0.2935251
wc1,8.299518,-7.079444
wc1,14.135472,-2.463872
wc1,26.808298,14.689161
wc1,-4.009641,-4.4417133
wc1,23.55798,-4.788043
wc1,14.277702,-19.960308
wc1,19.096352,-11.16757
wc1,-5.713092,6.1203036
wc1,7.3963823,11.479302
wc1,-0.06581677,-0.010676937
wc1,9.084479,-0.7623674
wc1,-6.8144746,4.084385
wc1,-0.6434413,2.9085023
wc1,10.207916,15.35043
wc1,12.104036,15.99647
wc1,-13.131043,-15.932324
wc1,20.251045,-10.210187
wc1,6.694149,11.842493
wc1,2.009608,-2.3602386
wc1,13.068141,-8.217978
wc1,-26.031466,-12.807857
wc1,-18.357756,-14.666161
wc1,9.959755,-8.950723
wc1,-0.70935035,-5.6618133
wc1,-3.899621,4.81269
wc1,17.832537,-11.106467
wc1,28.91598,-4.618598
wc1,28.844406,1.4903313
wc1,-16.781273,8.653315
wc1,-9.837689,8.617972
wc1,-0.7537845,-13.013632
wc1,22.47983,-0.78754807
wc1,5.2895994,-7.6130137
wc1,-1.2844462,5.905938
wc1,-7.728306,22.130938
wc1,12.918294,-2.5642474
wc1,8.3559,1.8728017
wc1,25.61116,16.871618
wc1,-5.7694025,22.019756
wc1,-1.8182539,1.4297276
wc1,-6.0433035,1.4218442
wc1,11.03326,-3.1534607
wc1,-1.6233637,-9.751861
wc1,3.868818,-5.415752
wc1,-4.0293565,-8.29681
wc1,10.838414,-4.5473228
wc1,-3.6497457,16.033136
wc1,-3.1890192,-2.2538328
wc1,20.310516,0.010517999
wc1,31.20206,-2.0017908
wc1,-2.8840487,3.4554493
wc1,5.0957255,-19.899878
wc1,-7.211633,-2.550675
wc1,9.96625,-17.43493
wc1,3.680769,7.0576806
wc1,-27.088696,11.213905
wc1,-2.7384386,0.1664539
wc1,-0.49959973,-9.069964
wc1,-0.33389506,2.2131424
wc1,15.193748,-0.4487474
wc1,8.956188,-11.808766
wc1,12.628117,1.6933756
wc1,8.017547,-18.356236
wc1,0.022480989,8.36566
wc1,26.321331,12.527357
wc1,-5.366648,1.7177266
wc1,5.7056856,-0.43785626
wc1,2.055118,7.3409615
wc1,-6.4392653,0.45323417
wc1,-20.87435,-4.486928
wc1,-1.0218464,8.486848
wc1,2.9199107,-4.4766855
wc1,-13.834231,-2.7984793
wc1,14.429326,-4.61449
wc1,16.324474,-13.328747
wc1,-9.370127,-21.476833
wc1,-6.107993,24.844326
wc1,27.760979,6.314459
wc1,17.280844,2.7444193
wc1,17.756905,17.599829
wc1,0.23004174,-1.2445469
wc1,13.649267,-0.34924397
wc1,2.8742862,-2.925503
wc1,-3.569709,-11.207069
wc1,0.6400086,-2.2772815
wc1,-2.2790928,-9.901506
wc1,1.8944159,-0.04982613
wc1,-3.362141,-8.069756
wc1,22.646832,-11.496018
wc1,-10.966053,15.218986
wc1,-3.290685,1.9702338
wc1,-13.89814,23.452768
wc1,12.174203,0.0002876561
wc1,-0.47995707,0.57496524
wc1,-5.9986386,4.4652076
wc1,-11.869396,-9.212373
wc1,-1.4441327,-21.480356
wc1,-25.509783,-10.9539995
wc1,-1.6797737,7.146904
wc1,16.875303,-15.508673
wc1,22.343897,-2.2824543
wc1,6.4994125,-9.051681
wc1,-18.613638,3.5905154
wc1,-2.5471296,-3.6108644
wc1,6.115871,-8.35484
wc1,-2.0754738,-17.000122
wc1,2.3606799,-1.106014
wc1,-24.166616,-11.842527
wc1,-1.6495295,-12.5886345
wc1,1.629157,-8.963569
wc1,-13.549229,16.52048
wc1,8.535774,-2.794068
wc1,-21.222773,13.430705
wc1,-1.5374532,-21.379734
wc1,-1.9378234,-9.391446
wc1,-5.9885345,-19.750214
wc1,0.6721987,7.8924446
wc1,-5.411815,-1.1784097
wc1,-1.5617206,-3.1932402
wc1,10.997438,-9.6435375
wc1,29.012047,-4.6338863
wc1,28.838623,-8.0845585
wc1,17.60867,8.061646
wc1,16.044958,-8.387405
wc1,16.154114,4.1709414
wc1,27.235678,9.737737
wc1,-23.703566,-16.480452
wc1,-2.443368,-8.56116
wc1,17.970741,5.8318596
wc1,-2.0479677,4.208238
wc1,-2.8455813,-5.269445
wc1,-1.7389241,-2.8184822
wc1,4.6374373,3.5623667
wc1,-4.1566133,-14.190519
wc1,1.2498958,2.3431716
wc1,-7.609491,-11.402631
wc1,3.3969364,-9.754646
wc1,-7.261719,2.6476574
wc1,-2.710371,10.774912
wc1,3.216865,1.0622102
wc1,8.61159,14.025774
wc1,20.185081,-7.6179466
wc1,6.360976,4.260858
wc1,10.847287,-13.181074
wc1,9.279705,3.0800662
wc1,-6.227715,-0.5001924
wc1,-9.038401,-3.9255872
wc1,28.412601,9.854
wc1,-0.38393906,-3.4529524
wc1,-17.317276,11.090942
wc1,-13.888765,-4.2219434
wc1,-0.40916452,-12.967659
wc1,-11.377371,-2.1774075
wc1,9.33635,-3.9771512
wc1,1.3772744,1.2133837
wc1,6.4062014,-3.0820916
wc1,11.832589,1.50981
wc1,0.95485306,-11.516342
wc1,-3.777394,0.75270504
wc1,-4.322444,15.472563
wc1,0.396547,0.19494614
wc1,-5.7363176,-10.563106
wc1,-7.686703,-9.677441
wc1,-12.703435,4.79453
wc1,-3.3946009,8.266152
wc1,1.3129231,-8.770611
wc1,1.1964765,-5.361341
wc1,-2.576201,-14.392835
wc1,-2.052103,6.224362
wc1,-1.0263903,-7.4493647
wc1,-9.155349,0.5271269
wc1,4.8190165,-0.9759123
wc1,4.101671,-3.1380105
wc1,0.35124597,-2.6609867
wc1,22.742271,-11.471882
wc1,7.601621,-10.4617605
wc1,-3.0893018,-2.5432167
wc1,21.770247,13.343086
wc1,4.489893,0.008904009
wc1,1.3465736,1.2017877
wc1,3.8621716,-9.585933
wc1,0.4391772,-4.072814
wc1,11.5644865,17.361074
wc1,-12.537617,9.19078
wc1,19.108828,-11.169183
wc1,-7.48968,2.5627582
wc1,4.1374626,14.838527
wc1,13.179437,9.395368
wc1,0.32705086,6.913691
wc1,-3.6777098,-1.054898
wc1,-4.385339,-10.231149
wc1,12.47061,-0.10515915
wc1,14.280534,-2.4513037
wc1,-13.755501,-4.5673985
wc1,1.9601653,-1.2540722
wc1,-3.245275,-6.714554
wc1,-3.62462,-2.1406114
wc1,-0.45470062,2.8349447
wc1,0.18833213,-7.830967
wc1,-15.329272,-9.319608
wc1,2.0244308,12.478305
wc1,-4.6237783,-2.0964708
wc1,0.12050479,-6.8880157
wc1,-14.603561,-3.0081034
wc1,-3.2159657,-2.6412246
wc1,-5.041617,-11.463359
wc1,-17.63836,-11.6108265
wc1,-13.017698,-4.456736
wc1,-0.5944742,-9.109025
wc1,-2.9028392,-5.2766004
wc1,11.556574,-3.3058813
wc1,8.337182,-7.028659
wc1,2.4418266,-6.438496
wc1,1.586451,-14.186985
wc1,3.1787343,-4.219394
wc1,20.25921,-5.364438
wc1,9.057965,-5.4699893
wc1,19.098366,-7.3028817
wc1,-7.328873,-16.508606
wc1,18.227491,-9.714151
wc1,2.4984372,0.8043289
wc1,2.532041,-5.572622
wc1,-0.22896874,6.574628
wc1,-4.0442677,-0.23801093
wc1,8.453947,13.761846
wc1,13.23485,24.048697
wc1,0.6786036,2.3576279
wc1,-12.603248,-7.2486877
wc1,-13.835399,-3.5329971
wc1,-14.169639,-12.703001
wc1,1.3351681,-7.018269
wc1,-3.691142,19.59106
wc1,0.9642179,-5.8193717
wc1,13.468715,-4.080826
wc1,-5.595103,-5.8798065
wc1,-10.220983,-17.957645
wc1,-5.9191966,-10.164316
wc1,-18.127382,6.4714704
wc1,18.05792,-3.422252
wc1,7.4360685,7.0705523
wc1,-0.2647884,-13.067951
wc1,-1.2971735,-4.0673633
wc1,-11.667253,-14.54302
wc1,-1.6641786,-9.252256
wc1,7.599817,8.047657
wc1,-13.618264,-3.9190843
wc1,-2.723732,-0.6955615
wc1,-15.153857,-9.381159
wc1,-0.73161733,-0.03963522
wc1,11.403919,-3.380499
wc1,-1.7799634,-4.5520983
wc1,-11.233397,-1.899517
wc1,-4.4977736,-3.8536968
wc1,1.5268403,-3.264809
wc1,-2.9797873,0.50504047
wc1,21.08704,16.888615
wc1,5.2892866,-2.043972
wc1,7.495147,-10.068798
wc1,9.37126,-1.7732852
wc1,-0.6603697,-9.998022
wc1,-5.4601545,2.925633
wc1,3.16627,-8.535005
wc1,9.906878,-7.3799477
wc1,-14.029113,-3.322012
wc1,-4.9927897,-11.274333
wc1,-6.701448,-10.546747
wc1,12.040618,-2.9549642
wc1,5.5163803,-5.8361683
wc1,-13.19443,-4.030108
wc1,-7.077332,-10.023532
wc1,-5.3468876,-7.180832
wc1,-12.787328,-14.611978
wc1,-5.211489,-0.17320082
wc1,-4.0004125,4.1852217
wc1,-27.934292,1.9204239
wc1,-0.5094768,-12.886191
wc1,4.3949,11.708175
wc1,2.7842422,-1.7164237
wc1,12.582375,1.6673968
wc1,-5.3739595,-2.2698872
wc1,8.578689,0.12457019
wc1,-2.2460594,-12.958262
wc1,-0.7373163,-9.517699
wc1,7.4321074,1.3668296
wc1,-0.3075988,2.5489407
wc1,30.976948,8.111524
wc1,-4.6082287,0.817063
wc1,-6.7139683,-7.817393
wc1,0.29235908,-9.230894
wc1,3.9734023,-16.197424
wc1,-3.9507005,-12.58615
wc1,-16.428427,8.371607
wc1,3.3210895,0.8156929
wc1,-2.3312542,-6.042254
wc1,-7.0712905,1.5551078
wc1,-0.18220547,-13.218604
wc1,7.4016986,6.3567595
wc1,-1.9673085,-5.739429
wc1,-4.5520897,-10.227781
wc1,5.1767993,-6.250661
wc1,3.0639846,-12.1427
wc1,-2.5879953,-13.156566
wc1,-5.852303,-6.2278843
wc1,-10.546346,-10.976454
wc1,-11.021695,-6.8239546
wc1,10.476672,-2.8135335
wc1,3.6284695,-1.9092041
wc1,6.4957414,-5.7053967
wc1,-5.791257,-4.4872017
wc1,-17.56525,9.517236
wc1,-9.64352,5.19788
wc1,-13.052728,-14.576406
wc1,-17.402283,-0.18569267
wc1,-10.437044,-6.8494253
wc1,-4.113959,5.8629804
wc1,-4.630983,-8.0844965
wc1,-3.743019,-5.815825
wc1,-16.276539,-2.8999686
wc1,-7.854581,-6.8233886
wc1,-2.9884372,-7.0798116
wc1,-2.666729,-0.9432524
wc1,-5.5772896,-7.8841534
wc1,14.706335,7.078292
wc1,-6.5759897,-8.953291
wc1,-10.440305,-7.604277
wc1,-5.8557453,-8.028884
wc1,-12.952498,-3.730184
wc1,-3.8520298,-11.296302
wc1,-13.713933,-3.6570528
wc1,-6.243851,-8.111956
wc1,-4.2727776,-7.8210864
wc1,6.1636853,-9.4756365
wc1,-6.0591135,-9.866713
wc1,3.701053,-5.722695
wc1,-3.6978743,-10.16322
wc1,0.27353233,-4.8506494
wc1,8.97019,-3.2454758
wc1,-15.762251,-6.970908
wc1,-14.55564,-0.6424143
wc1,-1.6773615,2.2254906
wc1,-2.8185425,0.060894545
wc1,0.22308297,-16.50165
wc1,-3.7431955,-1.9119712
wc1,-22.53885,5.915266
wc1,5.1281185,-20.00114
wc1,18.44843,6.116006
wc1,3.2116575,2.3496025
wc1,-1.4210861,-10.972752
wc1,-15.337454,-6.11648
wc1,-17.68083,-12.957729
wc1,-16.2883,-11.0847845
wc1,-6.141757,-9.438426
wc1,-11.540803,-17.6782
wc1,-5.213154,-8.096776
wc1,-7.7255306,-8.735153
wc1,-14.605853,-4.736904
wc1,-5.969032,-7.195125
wc1,3.9953074,-0.72697073
wc1,-1.036369,-4.800878
wc1,-18.37476,-11.280425
wc1,-12.763566,-10.817854
wc1,-4.9740644,-3.819896
wc1,-10.2691145,-11.17116
wc1,2.0761454,7.350028
wc1,11.810361,-16.660833
wc1,3.4988263,2.5926988
wc1,-4.02094,-6.5692253
wc1,12.734541,-9.248728
wc1,-8.954395,14.183476
wc1,1.10714,10.052263
wc1,1.8769783,-7.2649345
wc1,-13.787349,2.1142044
wc1,15.229488,-1.0004307
wc1,-8.327729,-13.136796
wc1,-22.77435,-4.276771
wc1,4.8627596,-6.1416345
wc1,-9.523902,-20.013605
wc1,15.051926,2.5025687
wc1,1.992098,-0.105629444
wc1,-5.552403,-6.6403637
wc1,-6.7651515,-2.7415402
wc1,1.4236113,-6.778531
wc1,-4.0622954,5.7632594
wc1,-2.3851254,-21.06153
wc1,5.2780848,7.300459
wc1,-4.1191354,-7.5780077
wc1,22.545025,-3.4248328
wc1,-3.639916,2.1413722
wc1,-2.1056418,-7.2767477
wc1,6.0905113,2.936851
wc1,5.101656,-9.415871
wc1,3.8779352,6.686699
wc1,22.617529,-4.8026786
wc1,-8.634277,8.380528
wc1,5.8010526,17.468264
wc1,2.6997304,0.819057
wc1,-3.825061,3.1338632
wc1,-22.286045,-11.797493
wc1,-14.791333,2.766824
wc1,-22.626272,-9.7278185
wc1,-3.671017,-1.1938852
wc1,0.0714804,11.041539
wc1,19.454123,14.950364
wc1,-8.250886,12.034153
wc1,11.8644905,10.816629
wc1,10.754364,13.426913
wc1,1.6542517,-19.156576
wc1,-9.105232,9.161725
wc1,-23.88186,6.810203
wc1,-25.784397,1.208791
wc1,-4.6615467,-18.802256
wc1,10.361104,1.1207397
wc1,25.774954,-15.46328
wc1,-13.991083,-19.784662
wc1,-6.5952163,-13.352266
wc1,-27.444464,-8.222335
wc1,1.6069415,-3.476592
wc1,5.834454,-5.179959
wc1,7.4097085,-8.144029
wc1,-12.278173,7.5310235
wc1,-9.864765,16.491505
wc1,-10.823191,15.215693
wc1,-15.440231,-19.08633
wc1,-14.597207,-14.406694
wc1,-14.920615,5.2959228
wc1,-9.423101,-6.6068506
wc1,-4.93109,-6.914544
wc1,12.8043375,-9.377974
wc1,5.149716,7.4288435
wc1,-4.4359775,1.9651843
wc1,-12.021018,11.304245
wc1,-8.681726,13.105118
wc1,-22.757862,1.1824911
wc1,-8.60796,8.142748
wc1,-14.351808,-2.3022025
wc1,-6.3235207,-18.116915
wc1,-5.9776726,14.670802
wc1,21.727608,21.273443
wc1,-15.011071,1.8248278
wc1,-11.012178,26.003849
wc1,-8.412728,17.761717
wc1,-24.415665,10.274924
wc1,-10.162013,-18.052647
wc1,-11.867849,9.730933
wc1,-12.971062,-1.891322
wc1,-1.0737854,-1.6667519
wc1,8.00087,11.937713
wc1,9.766314,-6.992388
wc1,-4.5294576,0.80279076
wc1,-11.55733,1.7147948
wc1,-21.068747,7.8142967
wc1,10.374435,-17.12517
wc1,15.8304825,-15.698931
wc1,-7.8312035,16.42201
wc1,3.883671,19.983011
wc1,18.70541,7.6990614
wc1,-6.9136887,-15.069228
wc1,-21.048471,13.515459
wc1,2.379028,-15.012179
wc1,4.07875,20.042255
wc1,9.460112,0.16502684
wc1,5.904173,13.601595
wc1,2.6824553,10.195248
wc1,7.8096786,13.453269
wc1,-19.28837,14.530007
wc1,19.403847,15.065092
wc1,12.31708,-7.915346
wc1,-9.674779,6.9953346
wc1,21.068165,12.3372345
wc1,2.385831,3.7531903
wc1,9.642246,14.015318
wc1,13.045216,-10.430064
wc1,-21.789873,-19.762634
wc1,14.328133,13.567368
wc1,0.5245895,-7.2478833
wc1,2.9117808,27.187267
wc1,-15.712711,-21.669775
wc1,1.31609,1.1661998
wc1,-5.8870697,-7.894619
wc1,-5.649405,-9.897383
wc1,0.14169984,21.251078
wc1,-23.807829,3.3678927
wc1,3.4723024,-14.061266
wc1,-4.989825,-0.902189
wc1,5.6976643,8.492224
wc1,-2.938125,7.3469787
wc1,17.572718,-16.87362
wc1,14.499191,-16.935446
wc1,-3.9016283,5.0932684
wc1,-17.623377,9.561638
wc1,-24.041483,10.391231
wc1,-22.06916,11.780216
wc1,-1.9967053,-4.914575
wc1,-1.6901687,7.170689
wc1,1.0456963,7.9783583
wc1,22.095434,11.14891
wc1,-5.449314,-23.169912
wc1,3.3508267,20.939728
wc1,27.330442,3.579885
wc1,14.23676,-2.662823
wc1,-11.549401,-17.760004
wc1,5.1235056,16.862976
wc1,-28.745888,-13.227266
wc1,12.981293,14.227156
wc1,-4.857593,-9.066717
wc1,-7.5697966,22.129734
wc1,6.878422,2.7170136
wc1,-4.520254,10.938755
wc1,-19.290668,18.966684
wc1,-13.957706,16.228476
wc1,6.6763773,27.977484
wc1,10.140644,-5.848748
wc1,-4.8661337,-0.7966974
wc1,-13.420103,0.0908205
wc1,-1.6519663,7.1556883
wc1,-3.316138,12.363337
wc1,-26.559193,8.128061
wc1,-18.624273,1.609651
wc1,27.639305,3.364368
wc1,-7.4230275,2.5127141
wc1,-8.249532,4.279825
wc1,-8.710193,6.2538066
wc1,12.602743,-2.7462683
wc1,-16.478853,3.8621776
wc1,-19.343954,18.95573
wc1,-1.3308711,16.190817
wc1,0.019411905,-18.717785
wc1,-12.182351,-19.911676
wc1,-14.118687,18.559088
wc1,4.216253,8.45293
wc1,11.647407,28.452381
wc1,-0.35440275,15.932373
wc1,-2.1412964,8.396212
wc1,-0.5734735,-10.29674
wc1,-13.018569,18.686428
wc1,-3.5584755,2.3218167
wc1,-8.309334,16.133999
wc1,3.1219678,12.143578
wc1,7.9570646,24.507338
wc1,30.967052,8.118649
wc1,-5.09606,14.630591
wc1,-4.923978,3.7953234
wc1,-3.9508495,12.002002
wc1,14.433844,4.3793845
wc1,16.32682,12.061249
wc1,17.752003,17.89028
wc1,-10.941646,7.97956
wc1,-19.887922,5.242722
wc1,-10.459777,3.0262485
wc1,12.943314,9.39227
wc1,-27.352932,-8.195745
wc1,2.139435,20.551685
wc1,4.1661015,5.5753384
wc1,8.850478,-3.0350568
wc1,-15.140242,8.694084
wc1,2.0441868,6.7294607
wc1,8.281389,5.6522512
wc1,11.240984,14.2842045
wc1,-0.27474287,-4.3274
wc1,-4.850922,16.136862
wc1,0.11630694,16.110193
wc1,-7.317973,15.572861
wc1,-8.609861,24.61741
wc1,1.512775,18.253866
wc1,1.286342,22.604362
wc1,16.622019,-8.109519
wc1,-5.3063397,-4.875771
wc1,-3.9878645,-12.76005
wc1,0.79260504,2.2716808
wc1,-1.7183391,1.6025237
wc1,15.193281,12.745136
wc1,3.724079,19.577847
wc1,20.609192,1.0210229
wc1,-5.1022673,4.977074
wc1,2.6299307,-16.404165
wc1,16.566338,18.990637
wc1,7.209958,-7.026719
wc1,24.773462,10.328186
wc1,-7.686542,16.197767
wc1,15.442327,23.176619
wc1,19.772764,16.293058
wc1,-7.2892513,8.746912
wc1,1.1386224,5.358012
wc1,-0.59831464,27.960043
wc1,-3.4525456,-18.51939
wc1,5.070474,-2.3975337
wc1,8.145252,17.229368
wc1,26.748545,3.989183
wc1,-7.9574227,9.612905
wc1,-14.041889,-18.434309
wc1,-22.308247,7.192859
wc1,3.7683089,-14.618245
wc1,-7.5551147,6.161732
wc1,-5.629934,19.83689
wc1,14.252722,-19.98044
wc1,25.428614,-11.686637
wc1,-7.288864,11.640002
wc1,-5.5064726,7.1906357
wc1,-23.17399,5.415008
wc1,-4.8029356,-15.80254
wc1,10.719168,-14.625449
wc1,-18.1855,12.717143
wc1,12.993283,23.29916
wc1,-21.021173,13.573693
wc1,4.4231443,8.53766
wc1,9.012311,21.223526
wc1,14.870839,3.1684737
wc1,13.927842,21.841515
wc1,19.530422,2.8661823
wc1,-13.431947,21.979092
wc1,6.3517685,-10.114589
wc1,1.1688005,-0.27633932
wc1,-23.199242,14.31342
wc1,15.933574,-19.016417
wc1,-1.733698,-23.239195
wc1,3.6679835,20.578497
wc1,1.7637762,11.524336
wc1,25.352991,-11.19825
wc1,8.264593,-3.3533554
wc1,25.55637,14.782772
wc1,-2.7851574,26.542557
wc1,19.911684,5.5444064
wc1,-10.527304,17.822178
wc1,-4.43932,10.832945
wc1,18.322077,15.830389
wc1,13.896047,3.2258255
wc1,6.3090816,-4.1290464
wc1,-23.318094,2.3314903
wc1,5.092678,-6.4094625
wc1,11.179902,8.946719
wc1,11.69669,-9.211155
wc1,-2.7526252,17.276386
wc1,16.965023,2.466617
wc1,-1.2447048,-8.020431
wc1,12.905326,-22.016142
wc1,24.051378,18.948694
wc1,14.72487,1.121714
wc1,-18.995369,11.6373205
wc1,-0.84634227,22.94093
wc1,8.744448,-24.013697
wc1,-2.119927,3.9969273
wc1,-18.201769,12.709798
wc1,2.090444,20.541283
wc1,-19.330143,7.996312
wc1,28.34902,11.730448
wc1,-15.259269,14.87837
wc1,12.151892,21.443327
wc1,-11.597263,16.083202
wc1,7.4234076,11.277041
wc1,7.8762684,24.425165
wc1,9.670648,19.031612
wc1,-3.3578863,17.522816
wc1,9.492233,4.9175963
wc1,10.971862,18.749365
wc1,22.533815,-17.322697
wc1,16.50388,-5.512595
wc1,13.709015,-0.39805692
wc1,-9.703789,13.677842
wc1,-1.3956083,4.698897
wc1,-8.513878,18.223713
wc1,-5.3294663,10.232988
wc1,12.298955,-24.606325
wc1,5.3419056,7.8809
wc1,2.783966,26.765345
wc1,-8.830246,20.616606
wc1,-24.771719,8.847691
wc1,7.68845,-1.0186038
wc1,2.2177784,15.964822
wc1,16.06223,-0.6587176
wc1,-6.288098,16.581238
wc1,-10.121624,-18.159971
wc1,4.72436,26.040804
wc1,18.116919,-9.743264
wc1,15.885978,7.717876
wc1,14.339407,-9.004019
wc1,3.5963964,24.374146
wc1,12.445824,10.773093
wc1,6.473499,-4.130234
wc1,4.5709505,9.956787
wc1,22.036715,18.162628
wc1,-3.8156939,-0.8921061
wc1,-14.187514,12.286987
wc1,4.565813,21.76567
wc1,9.65697,4.7338753
wc1,8.001742,20.02715
wc1,5.21988,1.5054797
wc1,21.467466,8.020512
wc1,-18.824738,9.364116
wc1,8.832023,6.3764277
wc1,-3.348103,13.852328
wc1,-3.818863,7.3181057
wc1,9.298282,3.9805322
wc1,26.386042,-4.892251
wc1,-9.800642,7.083473
wc1,1.4582345,22.696527
wc1,-0.6114597,23.520203
wc1,24.572432,21.179022
wc1,-0.08646144,26.53521
wc1,10.621183,23.053217
wc1,10.331274,-14.483514
wc1,5.886037,25.705523
wc1,-4.597603,9.338974
wc1,-10.144418,11.443563
wc1,23.78897,6.9725094
wc1,4.927075,6.309244
wc1,-14.901871,4.1000485
wc1,-29.232042,6.9451423
wc1,-10.673314,15.14418
wc1,-13.841966,14.359917
wc1,-25.22862,13.404297
wc1,4.4098296,-10.867863
wc1,-2.6175263,-14.3793545
wc1,-30.808275,0.10251319
wc1,-10.085061,4.3480535
wc1,11.483735,10.759248
wc1,-3.096879,-16.315245
wc1,8.516882,16.176325
wc1,10.889366,22.523771
wc1,9.719917,-8.312265
wc1,-5.449883,8.6395855
wc1,29.221054,4.051552
wc1,-3.0237286,-11.755056
wc1,5.904925,17.86798
wc1,-6.710129,5.5269117
wc1,-17.25731,10.892975
wc1,-15.26034,15.016025
wc1,-13.052405,14.269737
wc1,-25.192898,13.405092
wc1,-20.03134,11.778097
wc1,0.11467889,17.952385
wc1,-17.74553,-20.128136
wc1,22.820229,-9.177966
wc1,0.88622904,11.01607
wc1,-4.122209,5.8693647
wc1,3.3528028,7.450615
wc1,16.805286,18.748583
wc1,19.770096,-4.065397
wc1,-8.555024,19.31372
wc1,-13.58119,10.385897
wc1,1.3663445,18.628454
wc1,-13.105469,13.035387
wc1,-24.33796,-3.859818
wc1,-6.7159243,11.521046
wc1,14.7710285,9.611622
wc1,-15.312033,16.840483
wc1,-0.5412426,23.432001
wc1,-15.651032,9.9385805
wc1,-3.622408,28.500744
wc1,4.15357,2.011685
wc1,-4.146412,6.749121
wc1,23.195805,10.515055
wc1,-5.281195,11.941396
wc1,-15.088374,5.946889
wc1,-2.6309366,-23.154766
wc1,24.31138,13.182218
wc1,-1.3988538,0.62018055
wc1,20.765322,-15.330605
wc1,2.7019947,1.4713258
wc1,15.504216,2.6847572
wc1,-4.02888,11.114906
wc1,9.133497,15.640933
wc1,-1.1761602,-14.966148
wc1,-3.3969116,2.0389266
wc1,-12.824489,-23.641546
wc1,-19.721775,10.94104
wc1,6.4348264,-7.9310713
wc1,-25.146702,-3.1833973
wc1,-22.380161,12.001225
wc1,9.056505,17.403719
wc1,19.000397,-0.9789218
wc1,2.2179713,25.673744
wc1,-19.747925,15.906866
wc1,1.691185,-1.2738262
wc1,18.660706,-4.6332736
wc1,18.5917,8.344559
wc1,8.138994,3.2947524
wc1,5.3587723,12.705018
wc1,10.757577,5.2195735
wc1,17.446705,1.7978935
wc1,-0.72134584,23.28496
wc1,-10.248499,-9.530904
wc1,8.964618,-11.844791
wc1,3.6309974,24.19935
wc1,14.737519,19.347584
wc1,5.8033733,24.02112
wc1,-30.272373,3.8602176
wc1,1.1515998,-25.266687
wc1,-16.356497,12.27278
wc1,-6.9272065,-1.6029129
wc1,0.08476308,-17.957945
wc1,-10.16623,16.93194
wc1,4.948883,13.706272
wc1,23.674236,4.2703404
wc1,12.358311,-19.618145
wc1,-15.7926655,7.634373
wc1,19.024517,6.165176
wc1,-9.528526,23.04013
wc1,-26.909044,-10.489196
wc1,2.0702186,-4.8469753
wc1,-8.250053,4.26308
wc1,21.319372,-1.0699636
wc1,-0.31241813,16.07485
wc1,-8.132677,1.029501
wc1,14.317885,19.002851
wc1,14.646526,19.145294
wc1,19.708088,17.458591
wc1,29.341518,-0.3747729
wc1,-4.367695,-21.088282
wc1,-8.23231,11.952971
wc1,13.276296,-12.404983
wc1,9.518389,-4.6697607
wc1,4.9882693,28.997202
wc1,10.744219,22.46952
wc1,12.851994,-11.440196
wc1,-8.404896,17.716162
wc1,3.4465668,28.060987
wc1,0.3149857,5.2963233
wc1,16.354507,20.543707
wc1,7.451707,-13.188407
wc1,14.357762,11.353437
wc1,22.262974,-0.77688175
wc1,16.382044,-3.4057343
wc1,13.042864,17.173561
wc1,4.4121175,-11.020291
wc1,-2.1120062,-11.841532
wc1,-13.169407,-21.506405
wc1,8.577022,-24.355461
wc1,13.332243,24.347685
wc1,1.5304103,20.954554
wc1,3.2237477,12.076502
wc1,10.291371,8.303129
wc1,25.315489,-11.130137
wc2,27.190306,20.944693
wc2,27.759592,8.046885
wc2,19.607273,12.98667
wc2,-9.250659,-4.5598598
wc2,19.73486,8.021976
wc2,26.119272,1.3894455
wc2,-3.6496258,2.5031917
wc2,8.365719,4.879442
wc2,6.0654707,14.589689
wc2,13.84793,12.0192175
wc2,16.35669,20.640232
wc2,2.3312376,11.309547
wc2,14.500668,-9.088664
wc2,5.176433,8.970698
wc2,-1.03562,-4.7941833
wc2,-13.1555,-21.492296
wc2,21.011726,-8.972554
wc2,-13.073055,-15.901388
wc2,1.8272492,3.1727705
wc2,2.3589172,-13.121785
wc2,32.584637,1.5546696
wc2,20.530813,-14.489687
wc2,4.649065,9.969466
wc2,-2.1136425,15.5472765
wc2,0.4947978,-7.851151
wc2,22.786322,10.749991
wc2,-1.9229242,2.6688414
wc2,14.246453,-9.517324
wc2,-0.80885565,-25.93204
wc2,-13.104256,7.7266083
wc2,7.8804393,16.359148
wc2,18.857464,21.39214
wc2,0.41632065,-14.3599
wc2,16.579475,-3.479379
wc2,16.773144,10.120864
wc2,11.044179,13.988
wc2,10.683092,3.5398912
wc2,7.5570607,3.724244
wc2,11.174377,17.690212
wc2,6.4954643,-21.610851
wc2,-6.4548316,13.0786495
wc2,-7.5441294,5.4552503
wc2,-11.121154,3.9398534
wc2,2.7791862,10.300946
wc2,9.209278,9.30745
wc2,2.4446297,18.024353
wc2,4.017921,17.518074
wc2,19.093199,-12.4408045
wc2,-2.887707,19.945824
wc2,-14.284691,12.328158
wc2,3.4071474,16.555428
wc2,2.3367095,-22.025627
wc2,0.5095005,-14.466819
wc2,2.8031466,-11.531826
wc2,18.958513,17.336365
wc2,10.724056,-11.003329
wc2,7.2123632,5.49614
wc2,5.2129855,-12.789637
wc2,27.778236,8.095357
wc2,21.670237,22.931723
wc2,-4.919218,3.7662902
wc2,12.052557,4.1611724
wc2,-10.778595,2.9962037
wc2,13.247838,-0.17773318
wc2,-7.8598375,13.087234
wc2,-2.8513155,-4.4597626
wc2,0.7536456,-8.786837
wc2,26.05229,-2.3798826
wc2,16.166616,-22.13689
wc2,-5.5869327,24.870785
wc2,17.00966,-3.096248
wc2,3.9957387,-2.946532
wc2,-8.886101,13.403916
wc2,14.137819,0.88046485
wc2,-7.801992,9.971083
wc2,-7.774443,11.117901
wc2,-12.037781,19.063059
wc2,28.214605,-10.819333
wc2,20.087654,2.6267436
wc2,-9.561231,10.964289
wc2,27.760557,6.461464
wc2,24.028704,10.323806
wc2,10.94159,-5.045264
wc2,23.46467,10.319129
wc2,10.882521,20.305904
wc2,0.57684135,6.2957644
wc2,-1.4496503,-23.593964
wc2,18.505726,-5.036936
wc2,20.33599,12.77414
wc2,3.248306,14.18765
wc2,21.977922,0.5512075
wc2,-0.53266567,13.507641
wc2,-8.324708,4.857501
wc2,4.713091,2.60056
wc2,12.594449,11.787951
wc2,5.206104,2.6087487
wc2,18.471912,21.42256
wc2,-17.758192,21.673695
wc2,13.9742155,-5.704176
wc2,-5.516812,7.306448
wc2,-5.6950035,14.799976
wc2,12.684989,5.1386714
wc2,4.096809,5.1290607
wc2,7.1360564,0.3329932
wc2,24.915783,-3.6113021
wc2,12.705241,20.930807
wc2,-10.471353,-21.81485
wc2,15.571482,22.172438
wc2,17.954304,-6.5858583
wc2,6.4780917,2.4530137
wc2,-9.232318,15.965306
wc2,14.256055,-17.07076
wc2,4.1089845,-5.5993977
wc2,27.367487,-3.4690812
wc2,13.758642,15.768667
wc2,4.7600355,9.888833
wc2,23.052425,12.82202
wc2,-1.3603133,10.181954
wc2,15.656175,-19.507841
wc2,27.841288,-2.9066257
wc2,14.400014,6.3502297
wc2,29.327845,5.33071
wc2,0.7264073,-1.7028315
wc2,11.757928,7.4664803
wc2,-23.941462,7.684472
wc2,8.892842,6.3493857
wc2,-0.768435,-4.9675593
wc2,20.708017,4.5195484
wc2,-10.217262,13.139489
wc2,-4.6580954,7.462421
wc2,10.326864,-20.20173
wc2,-4.759834,7.580988
wc2,2.2756016,15.6388235
wc2,-0.39058867,4.667165
wc2,-6.2785897,27.88844
wc2,9.139165,21.94319
wc2,6.599432,1.4014231
wc2,-1.6177208,24.590849
wc2,6.416225,-11.204047
wc2,11.983755,12.623798
wc2,-1.816013,-19.494312
wc2,-6.1376185,22.108017
wc2,-4.797005,2.1271713
wc2,11.632246,22.978014
wc2,22.30638,-15.472698
wc2,11.642795,9.325729
wc2,-15.06672,8.671735
wc2,8.567533,4.0086336
wc2,16.233221,20.742031
wc2,-12.210073,-8.927362
wc2,11.8940735,3.1220584
wc2,-22.824484,16.648289
wc2,-15.896126,-14.710527
wc2,-26.378504,-2.0619702
wc2,-15.374105,5.250066
wc2,13.246196,-13.598374
wc2,3.133616,18.128647
wc2,-13.6066065,6.1130643
wc2,10.328885,-19.89275
wc2,2.5500321,-16.473732
wc2,-10.55525,17.907284
wc2,4.1861415,3.923784
wc2,9.285034,-6.470793
wc2,-20.122704,6.515767
wc2,19.272057,4.218748
wc2,-6.8088274,15.27135
wc2,21.803074,-7.502295
wc2,17.148045,3.5070467
wc2,-16.325693,6.295477
wc2,8.349816,-1.3218218
wc2,10.101756,-1.2733868
wc2,-14.666639,16.48687
wc2,-15.442858,-11.136667
wc2,13.416498,-5.407551
wc2,0.71230805,-8.889267
wc2,-1.6411083,12.111495
wc2,-0.66105145,2.9195814
wc2,8.82252,-9.45894
wc2,-1.4025173,17.319256
wc2,16.247507,0.5301841
wc2,10.717018,-11.0826235
wc2,2.118412,7.5212107
wc2,15.60598,12.756883
wc2,14.959773,-6.023921
wc2,-0.18344411,26.599072
wc2,2.6573377,-11.466459
wc2,-10.989238,26.016787
wc2,12.925068,14.44226
wc2,23.642084,15.755992
wc2,11.741878,-6.902694
wc2,0.5619697,-2.3061469
wc2,-4.9945564,19.399502
wc2,1.508046,8.635136
wc2,-0.033646338,6.5528526
wc2,-4.873325,24.80774
wc2,11.381247,14.431529
wc2,12.495083,26.111607
wc2,33.313927,5.623464
wc2,15.694027,13.280431
wc2,5.6251097,12.13421
wc2,12.3969145,6.790248
wc2,1.2182114,2.5729458
wc2,-10.480347,-13.743399
wc2,15.244591,-7.638229
wc2,9.215905,15.584837
wc2,19.106775,24.51259
wc2,-7.369287,-13.746636
wc2,3.0419548,18.262634
wc2,-25.204876,13.385988
wc2,-3.651602,22.701323
wc2,12.80455,5.620173
wc2,9.470934,-14.431258
wc2,18.912985,9.438708
wc2,11.201756,-0.8198759
wc2,17.452593,18.692606
wc2,27.254036,1.1081483
wc2,12.651501,12.658473
wc2,18.802742,-3.4540484
wc2,-5.077768,7.4061375
wc2,24.693216,6.233136
wc2,9.02015,6.473232
wc2,-5.0665135,19.431469
wc2,20.63309,9.067248
wc2,16.971685,9.104027
wc2,-1.0965625,-2.7290692
wc2,24.664324,-2.2190237
wc2,1.1359764,29.921444
wc2,4.237158,-18.517859
wc2,6.788403,-15.342381
wc2,9.359738,15.552713
wc2,-28.603672,-4.193003
wc2,12.777266,1.5522705
wc2,-0.5151031,-2.2840536
wc2,14.819152,9.716587
wc2,13.980303,-7.0830665
wc2,12.390949,26.993729
wc2,11.771068,3.03511
wc2,-11.76315,4.4724593
wc2,13.963346,5.376916
wc2,3.9666417,22.757467
wc2,9.992527,2.6692612
wc2,-5.748112,5.5603065
wc2,-7.404679,-6.90725
wc2,14.275139,-0.48753777
wc2,16.273827,9.385184
wc2,17.730017,1.1730884
wc2,14.113061,-12.292839
wc2,11.649252,-14.523394
wc2,6.3484974,-2.966417
wc2,-2.7432873,17.15934
wc2,8.020752,28.55402
wc2,5.021925,4.9360833
wc2,-2.8265228,16.879976
wc2,7.87923,14.727703
wc2,11.872674,-1.4701093
wc2,4.624938,21.81312
wc2,-12.316812,12.115085
wc2,0.429558,5.9873486
wc2,11.86002,-0.8220935
wc2,21.12695,16.794394
wc2,-7.600344,2.738737
wc2,-3.8270123,19.34389
wc2,17.531664,-13.022337
wc2,7.9411144,-3.733776
wc2,1.246085,11.263158
wc2,5.1530056,16.857662
wc2,25.648046,5.4952374
wc2,9.215832,-17.085161
wc2,-10.961003,6.7127247
wc2,14.015479,12.044244
wc2,19.998266,-2.5120342
wc2,3.895379,-12.464578
wc2,7.810575,20.10827
wc2,29.475931,14.344371
wc2,10.096748,-3.4101746
wc2,-8.807338,9.238758
wc2,-21.016203,9.60372
wc2,5.5132236,-3.9201775
wc2,12.718348,25.6438
wc2,1.5545163,9.048075
wc2,6.532428,13.991143
wc2,6.3045177,7.889361
wc2,9.374579,12.93052
wc2,14.085348,5.304222
wc2,-23.222595,14.3082
wc2,19.40023,-7.147746
wc2,16.05006,12.760717
wc2,9.51236,-5.370579
wc2,20.95833,13.696402
wc2,1.7073653,-1.1811192
wc2,25.962938,-6.4695115
wc2,28.237734,5.506726
wc2,4.8865833,0.30732408
wc2,12.8473015,17.130213
wc2,-2.0612757,-6.398284
wc2,-16.957642,-18.321371
wc2,-0.096094295,8.011312
wc2,-6.1783514,13.816886
wc2,-7.5140524,-0.18939292
wc2,2.0165613,4.3832717
wc2,11.179589,1.9387232
wc2,-3.628472,-3.8388953
wc2,10.473748,-0.17735487
wc2,-5.728289,-3.1830606
wc2,25.092947,2.372218
wc2,-4.6640635,13.841323
wc2,25.610003,14.780732
wc2,-10.405635,2.4996834
wc2,-10.894195,12.024944
wc2,-0.8813836,-7.6213803
wc2,-4.4779406,13.774111
wc2,22.056917,18.22179
wc2,31.063639,11.2968
wc2,-5.3962593,-23.121315
wc2,-2.82346,-18.447483
wc2,17.824203,-5.325058
wc2,8.829005,1.8818129
wc2,13.387266,6.2505236
wc2,0.40493184,3.7330215
wc2,15.36781,-7.1156616
wc2,14.753662,13.8233
wc2,6.86269,6.5806675
wc2,32.22835,1.6027086
wc2,19.895601,-2.477154
wc2,15.753672,26.919472
wc2,8.858791,20.460312
wc2,16.237358,-22.144007
wc2,13.487779,4.672323
wc2,22.19053,-3.1360812
wc2,-2.6348119,12.725315
wc2,10.286328,18.18992
wc2,6.889925,-6.805732
wc2,10.688869,-8.806424
wc2,14.942352,-13.198343
wc2,15.303809,17.254156
wc2,-0.53066504,1.6506531
wc2,12.474985,-1.3137221
wc2,17.358442,1.4464118
wc2,3.7585673,24.159588
wc2,11.76846,-16.686703
wc2,-1.16469,15.597685
wc2,19.826523,16.270416
wc2,24.914698,4.1724668
wc2,-3.5927348,0.75007826
wc2,-28.75771,-13.261762
wc2,-24.888702,-3.4880435
wc2,22.51089,13.067918
wc2,23.58655,7.4240313
wc2,7.2160563,22.022257
wc2,28.598545,-5.1180573
wc2,18.92884,11.973432
wc2,3.2793396,-19.730135
wc2,2.3140254,-6.174276
wc2,-3.5473359,15.980941
wc2,5.6342607,13.648159
wc2,21.696564,-11.173226
wc2,3.1835852,-19.783266
wc2,21.359085,10.401865
wc2,-5.1857505,-13.309214
wc2,15.958859,1.6279525
wc2,2.3634102,-20.697392
wc2,-5.4388885,-13.235192
wc2,-1.5251086,10.096759
wc2,6.63476,-1.4483627
wc2,22.716248,-9.057689
wc2,-5.093658,10.504903
wc2,10.342427,12.248464
wc2,-1.0237864,12.051059
wc2,11.888457,-5.7618423
wc2,-3.6930296,-10.482301
wc2,4.0902805,-4.7414203
wc2,-6.4854875,-2.543004
wc2,6.7960343,-7.010883
wc2,22.252111,19.782
wc2,14.851875,-2.3549783
wc2,3.5019255,-19.548674
wc2,-9.5038595,10.499641
wc2,11.397508,4.6660705
wc2,-8.420417,-18.22711
wc2,6.520738,16.33505
wc2,4.5063434,-10.883076
wc2,22.496534,1.4850091
wc2,16.823994,-17.478634
wc2,-1.8612623,-17.180742
wc2,-14.024656,5.7650065
wc2,6.675339,-12.901581
wc2,-4.661454,13.874013
wc2,-8.844528,14.447188
wc2,15.476406,-0.57939625
wc2,20.448378,6.4672074
wc2,-2.1990623,12.911089
wc2,12.73516,-7.7177176
wc2,19.342333,24.692053
wc2,12.420863,26.81438
wc2,22.026838,18.591318
wc2,11.083421,6.5082493
wc2,13.77027,24.581322
wc2,1.6167488,10.886071
wc2,13.638848,7.6161485
wc2,10.981951,-11.056366
wc2,-5.799181,1.3748614
wc2,6.3513217,1.2806194
wc2,3.1428835,13.449193
wc2,12.570957,5.7304335
wc2,-5.0209045,-2.5303035
wc2,30.866894,-4.9856057
wc2,8.634991,4.230595
wc2,-4.802181,-8.797368
wc2,10.88118,20.43696
wc2,-6.349084,-12.864452
wc2,-6.7937503,4.109718
wc2,24.165432,7.5423107
wc2,-4.8134856,-6.273629
wc2,-5.355367,2.851893
wc2,5.2362156,12.619527
wc2,2.8453686,26.69913
wc2,7.284624,11.639312
wc2,18.183226,0.23729147
wc2,2.4122343,17.949512
wc2,15.707569,27.017973
wc2,-11.241755,10.902625
wc2,27.599293,3.019007
wc2,-7.6164618,22.13786
wc2,5.2090807,-1.7537683
wc2,-4.7161465,-5.27168
wc2,26.185705,-4.4787617
wc2,-7.007829,18.042124
wc2,19.082996,-7.0635576
wc2,16.761026,16.623568
wc2,-2.9822135,3.491225
wc2,5.534392,13.84218
wc2,-3.9681263,-18.127956
wc2,-8.193417,-1.1973144
wc2,3.8832762,-10.812202
wc2,4.8709035,-5.2860084
wc2,17.752495,10.619521
wc2,-13.459643,22.084171
wc2,19.080288,24.506979
wc2,18.721306,4.7929335
wc2,13.217485,24.075031
wc2,15.602815,5.681146
wc2,20.655632,19.385874
wc2,7.9715433,2.2259557
wc2,-9.050329,3.8095264
wc2,17.499687,10.770853
wc2,14.263718,1.1513841
wc2,29.824574,5.910221
wc2,16.897194,-3.1347926
wc2,12.783544,-7.0604033
wc2,-3.5733645,8.415589
wc2,-16.071875,9.97808
wc2,10.577967,5.070016
wc2,25.0279,16.349674
wc2,0.95223266,-23.186636
wc2,4.4681396,10.045615
wc2,-4.401177,10.748312
wc2,-0.100951,13.370374
wc2,16.774496,9.197897
wc2,1.3657,11.148837
wc2,8.279316,-3.434292
wc2,10.890074,20.155678
wc2,8.708092,15.2076235
wc2,-1.8547667,-17.310871
wc2,6.0178847,0.6218544
wc2,10.004816,2.7386808
wc2,12.73179,11.1494665
wc2,9.995292,-21.51926
wc2,0.8503962,-15.090338
wc2,2.1665215,15.643421
wc2,26.119726,1.9302789
wc2,20.2204,7.020209
wc2,17.413486,6.8007665
wc2,-9.482207,7.0177207
wc2,-9.721508,22.929873
wc2,-11.090154,4.100557
wc2,-11.102182,4.9482045
wc2,27.986498,3.4478269
wc2,14.63377,14.303001
wc2,0.7835492,0.7398751
wc2,23.981327,15.36853
wc2,10.710703,22.385136
wc2,-1.235799,17.445797
wc2,-5.8089504,8.946084
wc2,-17.75951,21.672268
wc2,1.6145748,4.091926
wc2,9.730327,14.620739
wc2,10.426308,25.684511
wc2,17.465275,10.832711
wc2,3.2522886,0.8301943
wc2,13.460786,6.386002
wc2,11.721157,-4.216043
wc2,17.309872,14.67049
wc2,3.4646904,10.590095
wc2,2.882441,12.277277
wc2,-1.9644877,11.118211
wc2,15.055868,-11.165148
wc2,-9.471542,13.667151
wc2,-10.191707,20.001564
wc2,17.6634,-0.52499074
wc2,16.203766,-3.6082084
wc2,-13.699324,18.3965
wc2,7.346043,20.707907
wc2,18.27699,4.9576387
wc2,30.913548,-4.9978943
wc2,-3.4910715,9.758227
wc2,13.223642,17.588858
wc2,12.035866,17.407766
wc2,4.9049697,19.681175
wc2,-8.214163,-2.2582233
wc2,9.441022,0.4115825
wc2,26.35968,-13.610522
wc2,28.725857,6.0681005
wc2,-17.879345,16.44486
wc2,-0.5377869,-2.799149
wc2,31.368073,-7.351935
wc2,-1.548496,-23.433092
wc2,3.0497236,-3.3277345
wc2,4.131638,-17.900072
wc2,-3.366926,-4.763967
wc2,-11.434791,0.24435982
wc2,29.26821,-4.471426
wc2,28.546446,9.885434
wc2,26.004946,-4.4530654
wc2,-3.9153867,-17.002283
wc2,20.514172,-14.002694
wc2,12.14401,21.694874
wc2,-5.1914487,14.488464
wc2,-18.541555,6.7869287
wc2,9.493253,7.6642213
wc2,-18.707245,8.530331
wc2,15.275939,17.375792
wc2,17.432737,10.815805
wc2,1.0328412,-4.4479537
wc2,-2.1598012,-8.6308975
wc2,-2.8678503,-7.144446
wc2,6.337341,4.2704515
wc2,13.115735,5.6839695
wc2,6.6609273,12.310911
wc2,14.853211,9.664502
wc2,-3.7266946,19.622465
wc2,-4.2892303,-2.7013173
wc2,-4.833159,16.123196
wc2,-9.610675,-24.110533
wc2,23.934624,1.2047416
wc2,-19.331919,14.87594
wc2,10.614072,-1.2040272
wc2,24.081291,17.20134
wc2,3.9721506,3.376836
wc2,0.17594427,20.207613
wc2,13.3272,11.270779
wc2,-12.691313,11.625779
wc2,18.110397,21.717031
wc2,15.0538435,-0.7095881
wc2,5.8859944,21.30029
wc2,-1.2050626,18.668726
wc2,16.1384,5.935451
wc2,-0.5654878,-6.3940387
wc2,18.776619,-7.426352
wc2,9.7439995,10.426564
wc2,7.790444,13.54469
wc2,0.07645266,25.080004
wc2,6.5628495,-5.6830225
wc2,3.966452,14.902614
wc2,-29.169992,6.9498706
wc2,-16.72105,17.59355
wc2,15.146155,7.8506517
wc2,4.5715303,13.577267
wc2,24.077019,-13.605904
wc2,3.8625412,22.787735
wc2,3.0101018,-2.2989016
wc2,-9.005575,-10.260576
wc2,21.482954,-2.9218674
wc2,23.75768,6.49534
wc2,-15.42945,4.3650074
wc2,-11.312781,0.65065014
wc2,7.6161222,14.716907
wc2,7.9600635,6.2246094
wc2,11.302599,10.465188
wc2,-4.772207,-18.960117
wc2,8.885322,24.30642
wc2,-9.278197,10.015062
wc2,1.2266155,15.326813
wc2,31.187904,-1.9645995
wc2,-5.8976445,-16.751278
wc2,-3.8545668,16.203209
wc2,9.856752,-7.0139914
wc2,-12.512724,10.712432
wc2,-3.9944584,1.734545
wc2,25.123688,9.946398
wc2,13.256274,24.036156
wc2,8.138895,-8.393496
wc2,7.5846696,12.006608
wc2,7.0313444,11.32841
wc2,4.672875,-7.0296516
wc2,23.379812,7.6022515
wc2,1.7676784,25.01351
wc2,21.22934,5.3215656
wc2,9.062266,1.60055
wc2,10.390044,16.849258
wc2,19.080568,-1.9622062
wc2,-1.802943,1.114225
wc2,14.550472,-8.99409
wc2,23.2086,6.1915417
wc2,17.802307,-11.198833
wc2,10.207583,-20.981268
wc2,20.630749,6.309211
wc2,10.356813,8.284747
wc2,24.126993,13.236524
wc2,3.8002133,6.0302277
wc2,-9.575285,13.666398
wc2,28.019594,7.794705
wc2,18.850252,9.399507
wc2,2.1422257,20.429756
wc2,14.417896,-12.400852
wc2,-0.20768338,1.5279714
wc2,-21.518213,-19.676514
wc2,-28.439302,9.711167
wc2,-6.176246,14.786993
wc2,-1.0802007,-5.7991223
wc2,3.3236113,1.2305585
wc2,-27.40162,3.8916883
wc2,11.2042465,4.6037827
wc2,15.041432,-11.028325
wc2,24.128036,7.522295
wc2,-18.794258,9.0425005
wc2,20.437756,4.0182524
wc2,-0.92214185,-12.47907
wc2,-4.514794,9.182893
wc2,8.096731,14.777268
wc2,1.1324915,-0.21199627
wc2,12.178577,-6.22819
wc2,15.923598,-9.224011
wc2,0.15009768,-6.9873724
wc2,25.32826,4.1937137
wc2,2.749748,-8.616848
wc2,26.084846,-9.12981
wc2,10.011386,-21.42302
wc2,-1.4280789,18.399218
wc2,-15.172309,-17.833994
wc2,-1.8516238,2.3476825
wc2,-15.61875,13.832957
wc2,4.8121686,-24.528763
wc2,6.2084355,10.551282
wc2,25.700739,-1.4419535
wc2,5.1871786,10.911274
wc2,-6.9271483,6.827293
wc2,18.42112,-0.90488887
wc2,3.2899857,10.497457
wc2,13.041146,14.879684
wc2,-2.719742,17.558586
wc2,6.5893674,1.5287322
wc2,9.400099,2.8387506
wc2,-4.2868958,20.665855
wc2,19.565321,9.876034
wc2,10.136837,10.1331215
wc2,11.019948,18.778421
wc2,5.2732344,-2.0075948
wc2,14.609339,6.2122884
wc2,-9.145531,2.073604
wc2,-2.3330436,-1.9420191
wc2,19.754257,-8.518832
wc2,0.24034241,-16.193108
wc2,7.90173,-4.775832
wc2,4.7194276,-1.7134169
wc2,20.454983,14.207924
wc2,-9.731932,22.935127
wc2,6.397587,-9.331579
wc2,18.188019,7.817016
wc2,17.184603,25.682877
wc2,17.894634,12.190647
wc2,18.127014,21.709423
wc2,10.421122,18.075832
wc2,14.261701,0.9996456
wc2,8.707212,-24.087866
wc2,9.591901,7.6516795
wc2,15.806708,-2.9759798
wc2,-1.5327955,7.1441607
wc2,18.571156,3.937556
wc2,3.3008785,10.436306
wc2,5.2327495,5.0721908
wc2,8.862398,4.1708555
wc2,-3.4256842,-15.512895
wc2,15.110923,17.547632
wc2,5.64313,-22.748459
wc2,-3.0919597,7.2987957
wc2,0.9058953,-9.95045
wc2,3.099993,7.6437836
wc2,-0.5626052,27.90699
wc2,7.6756096,-21.830084
wc2,-5.737672,-15.194274
wc2,-2.2319598,-1.8499603
wc2,15.972271,-5.2239995
wc2,18.16815,12.803122
wc2,-0.5847667,12.895473
wc2,18.868479,24.411842
wc2,11.001612,-15.315322
wc2,13.133166,4.0448265
wc2,2.375326,14.805866
wc2,17.358202,-4.667228
wc2,16.31745,16.07235
wc2,1.9363316,-3.6466858
wc2,13.85295,3.1314087
wc2,3.680647,-6.6560297
wc2,21.514503,11.36303
wc2,-6.242355,-13.357428
wc2,3.4893682,15.288767
wc2,15.342271,12.635397
wc2,-12.576167,15.582822
wc2,-1.3310627,-0.8707819
wc2,-16.95549,-18.242212
wc2,10.799426,13.72763
wc2,18.23719,-9.960492
wc2,12.062481,-5.796106
wc2,-3.6900702,9.407355
wc2,11.623382,2.895117
wc2,16.316826,6.1049924
wc2,4.379772,11.65021
wc2,16.279766,9.5575
wc2,3.0946991,0.010229751
wc2,10.345009,-2.7641895
wc2,12.555973,19.32509
wc2,-1.0710112,1.3095424
wc2,13.974695,-17.31007
wc2,18.048864,18.643318
wc2,11.625498,-0.80954015
wc2,18.324718,16.1162
wc2,15.459719,-8.706591
wc2,9.127947,9.439591
wc2,14.580421,-4.3747077
wc2,11.099148,11.84185
wc2,12.691821,1.8622692
wc2,5.8184443,19.211155
wc2,9.564429,-16.608244
wc2,10.215498,18.140615
wc2,15.939803,4.054843
wc2,16.651371,-10.946041
wc2,-10.331379,-21.658682
wc2,7.2487006,-0.10926396
wc2,15.48499,14.996744
wc2,5.0947585,-15.619847
wc2,9.131399,21.685133
wc2,6.4994316,-21.564701
wc2,2.7002378,5.6599126
wc2,-10.522953,10.100712
wc2,-4.6360183,12.684905
wc2,11.883162,-4.2256308
wc2,11.048308,7.9173455
wc2,0.17293677,-17.742449
wc2,18.415266,-5.427858
wc2,8.113453,-14.875292
wc2,4.5784774,-8.468064
wc2,-7.3771033,15.39612
wc2,17.32145,6.8351727
wc2,1.1006987,-6.5094438
wc2,-1.1604229,-7.8272624
wc2,24.078041,-13.594108
wc2,5.977909,0.90357345
wc2,19.822403,10.586378
wc2,13.509886,9.024849
wc2,5.6494246,21.537376
wc2,-17.132505,13.945315
wc2,3.9581113,3.996505
wc2,-1.8309478,9.735202
wc2,-13.752975,4.9307184
wc2,8.719374,-4.7653832
wc2,-1.5975555,10.0328455
wc2,21.187704,-3.482576
wc2,7.9190817,2.47833
wc2,6.963303,9.082503
wc2,6.77856,-20.345842
wc2,4.382421,-14.769208
wc2,0.31077155,-5.672941
wc2,1.6067277,22.77041
wc2,-0.6615712,-2.8156555
wc2,21.823662,4.2023854
wc2,18.929993,-2.0589027
wc2,2.2961633,6.35676
wc2,7.351277,17.657
wc2,5.2198887,14.346774
wc2,16.325195,-3.4725995
wc2,7.4673667,-5.942784
wc2,-4.0989156,24.93869
wc2,-4.3022947,3.5976796
wc2,7.6246963,12.722145
wc2,6.433779,4.094613
wc2,19.193447,-0.79297924
wc2,2.6619375,5.130601
wc2,-9.542508,4.501892
wc2,-11.057086,9.351431
wc2,9.593909,4.7229867
wc2,6.256066,-21.61807
wc2,6.075439,0.5042
wc2,20.63055,-6.1897187
wc2,9.108784,0.012696777
wc2,19.024426,-15.792229
wc2,21.578024,11.762367
wc2,10.253504,6.4537673
wc2,18.526571,3.8788486
wc2,3.2457392,13.562731
wc2,-7.5961123,-7.6873517
wc2,1.1333969,-9.629568
wc2,19.17192,-9.108711
wc2,9.561703,-6.6037283
wc2,18.73024,-2.4067676
wc2,-1.9731501,0.76950026
wc2,-0.43589327,-11.30891
wc2,0.9346338,4.1506658
wc2,-14.830628,0.26052538
wc2,6.325982,9.61768
wc2,20.041702,2.2000024
wc2,5.7634373,-9.487643
wc2,1.4824528,-7.7325106
wc2,15.066325,-13.980957
wc2,-0.79991573,5.8943605
wc2,8.48428,9.176236
wc2,4.1661043,-21.92812
wc2,4.172069,11.872199
wc2,-13.616708,-1.6381246
wc2,11.292648,2.789705
wc2,0.47308305,-17.776424
wc2,7.4294,5.532189
wc2,-11.497339,14.687296
wc2,32.335567,-1.5366398
wc2,7.9520354,-14.788898
wc2,-3.6995723,19.542477
wc2,15.210539,18.514956
wc2,9.629568,-10.1098795
wc2,10.655101,15.449325
wc2,0.1845989,3.9047208
wc2,-10.01465,-19.922907
wc2,0.16719817,-16.89775
wc2,4.8816004,0.24139789
wc2,-4.521481,-5.4673657
wc2,18.91953,-19.863075
wc2,15.522546,18.582851
wc2,3.275028,8.845526
wc2,24.01566,-7.1887293
wc2,-3.0373871,23.181597
wc2,5.955954,3.085807
wc2,14.234001,-5.150678
wc2,2.0398746,13.919878
wc2,12.971297,24.938848
wc2,17.569159,-8.467515
wc2,6.358766,-16.038303
wc2,11.058901,-14.015939
wc2,-5.238845,0.30901432
wc2,5.6178436,-5.0014195
wc2,7.418899,20.906519
wc2,-29.154657,-9.849763
wc2,-4.084792,-25.38074
wc2,12.927419,-15.109904
wc2,10.301794,6.8841424
wc2,26.948483,1.2425245
wc2,10.171028,1.1276225
wc2,5.7333155,23.915354
wc2,16.480663,23.56887
wc2,3.4934006,9.067457
wc2,14.8496475,-13.650419
wc2,10.469285,8.020337
wc2,8.046,-10.678694
wc2,-22.950453,-13.551275
wc2,7.2826405,18.353062
wc2,-9.478969,2.6674674
wc2,15.935976,4.095867
wc2,3.8817432,8.524646
wc2,8.748266,-15.542158
wc2,1.5521593,11.166871
wc2,12.559169,19.18367
wc2,-2.126709,-7.0404696
wc2,16.293661,-11.952632
wc2,5.5844946,5.8376284
wc2,12.200994,0.08172637
wc2,6.9088783,15.641609
wc2,16.346045,-1.881128
wc2,7.736081,3.3948512
wc2,11.286389,11.781281
wc2,13.177972,7.70342
wc2,18.590292,8.798182
wc2,-0.5535643,14.045655
wc2,-8.781994,-2.0323927
wc2,22.20212,0.51989
wc2,15.4912615,-11.383982
wc2,9.061903,8.056887
wc2,-2.1012747,4.351905
wc2,-0.14769398,0.023200298
wc2,7.1863637,10.517405
wc2,1.6510494,-11.134806
wc2,-9.487005,-1.8948976
wc2,16.535309,2.8004723
wc2,17.97182,24.057722
wc2,-12.4658375,9.26176
wc2,23.863428,9.308169
wc2,-6.7510595,-6.0352345
wc2,6.801245,-11.748826
wc2,25.445229,5.3909445
wc2,15.053096,-0.57932085
wc2,7.3707523,7.2227273
wc2,8.182052,-0.5851304
wc2,18.781271,-12.450024
wc2,10.559366,3.4792225
wc2,20.827242,2.2326899
wc2,-6.1273026,16.446209
wc2,-4.1428294,20.37832
wc2,-2.6509907,9.644437
wc2,13.97493,-2.202547
wc2,8.783388,-4.431215
wc2,23.887241,11.220645
wc2,4.932672,25.945246
wc2,-1.8829291,-0.15212838
wc2,5.7527957,5.628372
wc2,-1.0927373,-2.4668624
wc2,-3.1730647,13.783935
wc2,-12.776202,-0.07247258
wc2,1.4857429,18.264381
wc2,28.02345,-3.1130795
wc2,2.9480803,-3.0708125
wc2,-5.885376,4.334693
wc2,19.27417,-9.33258
wc2,13.053095,5.514123
wc2,23.508526,-3.0303366
wc2,-0.05798149,0.855188
wc2,-6.446574,8.0960455
wc2,12.778396,12.55335
wc2,4.6307864,-3.1808703
wc2,-12.634164,9.138765
wc2,19.97473,2.2648861
wc2,26.71994,14.678661
wc2,-1.2856622,-15.028077
wc2,-0.5151985,13.8181095
wc2,22.979761,0.6777491
wc2,-5.2789025,11.999919
wc2,12.033114,-5.8179774
wc2,2.6298997,-8.818168
wc2,9.368535,-12.147961
wc2,13.673447,11.578197
wc2,9.641568,-14.0968895
wc2,8.1255,17.322243
wc2,-0.050512873,19.084152
wc2,17.639513,5.3042946
wc2,6.38653,-14.621641
wc2,22.42756,-2.1875536
wc2,9.963069,6.275707
wc2,12.974897,16.879944
wc2,22.446316,20.058868
wc2,16.343561,26.12396
wc2,1.0372721,6.763776
wc2,-2.8933177,-0.18388556
wc2,24.202393,16.008013
wc2,28.80296,1.520126
wc2,-2.167209,6.055134
wc2,13.441336,4.5738783
wc2,17.526194,18.333809
wc2,21.300024,-1.4194956
wc2,16.4612,0.8860444
wc2,27.064135,11.895971
wc2,16.91076,16.72399
wc2,5.465572,-2.9140399
wc2,-6.455924,-5.7898607
wc2,2.6083405,-8.716066
wc2,10.014207,12.370008
wc2,17.949514,-16.791967
wc2,7.4405637,-11.025968
wc2,6.4839096,-1.7499256
wc2,7.603529,-0.41216514
wc2,4.820036,-24.621128
wc2,18.474623,-5.154119
wc2,-5.506596,24.741726
wc2,13.589914,13.549398
wc2,15.010826,-0.14752692
wc2,5.89623,-0.15511875
wc2,-10.125068,-19.906523
wc2,19.643045,-19.498041
wc2,11.257154,-8.416854
wc2,-0.17258398,19.672054
wc2,20.787909,-9.178578
wc2,-8.116623,7.408397
wc2,20.204004,6.462117
wc2,15.968438,-10.089186
wc2,1.4114949,22.595951
wc2,8.00771,-18.729925
wc2,22.524355,12.975366
wc2,11.317957,-5.252963
wc2,14.441121,-10.929231
wc2,12.731033,5.485248
wc2,-2.3108199,5.542143
wc2,-12.582517,6.125274
wc2,-8.343611,-14.877069
wc2,16.42435,11.922743
wc2,-8.797127,-20.052896
wc2,20.373241,-0.04204928
wc2,-3.1503997,6.670482
wc2,4.9301577,16.919601
wc2,6.852911,11.682838
wc2,-0.21060377,-17.888397
wc2,9.136533,-8.128992
wc2,6.051059,-10.215458
wc2,23.955645,0.76948124
wc2,10.800354,25.532219
wc2,8.717493,1.5427144
wc2,-6.3495536,-11.671535
wc2,17.036924,-0.827341
wc3,27.190306,20.944693
wc3,10.583804,1.009145
wc3,-2.2916172,-19.255219
wc3,4.13984,5.182122
wc3,2.677632,5.298016
wc3,26.053371,-9.113436
wc3,-13.76416,-17.084099
wc3,7.817087,16.472353
wc3,15.077022,15.564245
wc3,28.138105,-10.803825
wc3,-0.093912594,16.102215
wc3,7.515944,-9.558824
wc3,18.235676,2.9240024
wc3,0.3953716,-4.9075007
wc3,19.690834,8.054085
wc3,21.390024,-4.3345532
wc3,15.991849,10.410544
wc3,23.565207,4.0019855
wc3,4.8881264,8.720917
wc3,7.3592715,5.113139
wc3,-1.1238445,3.5353627
wc3,20.550795,-15.025299
wc3,13.588265,7.420487
wc3,9.088117,-2.111034
wc3,-3.2124605,6.650847
wc3,2.8533902,-10.233346
wc3,21.418083,8.11026
wc3,8.019099,-13.196159
wc3,16.921614,5.334039
wc3,18.926886,14.168359
wc3,33.346634,5.6214604
wc3,1.2666956,-9.004386
wc3,7.4393983,17.414993
wc3,1.2758892,5.4665074
wc3,5.2049775,12.493043
wc3,6.088537,11.144845
wc3,6.547117,4.205752
wc3,19.518585,-0.9490876
wc3,14.981805,-5.7529993
wc3,9.0092325,-9.313081
wc3,21.706978,-13.184291
wc3,3.185745,22.17461
wc3,12.184775,-11.879472
wc3,8.165623,-5.867644
wc3,9.682861,-14.175592
wc3,1.074704,16.943254
wc3,8.4010725,10.985098
wc3,3.168987,-7.482484
wc3,-3.6471248,2.4249043
wc3,12.193824,6.223999
wc3,20.030352,2.2900677
wc3,19.990965,0.03587934
wc3,8.060419,24.671644
wc3,6.788492,5.1964083
wc3,24.21973,-10.132419
wc3,28.231089,-10.805381
wc3,29.213314,6.754657
wc3,25.634596,14.826111
wc3,3.7988622,-3.9480624
wc3,-10.467598,22.82177
wc3,26.01994,8.03132
wc3,8.035971,-9.729688
wc3,-10.376597,4.8782673
wc3,17.560728,-13.7821245
wc3,18.79802,-13.441867
wc3,-7.3396087,11.37755
wc3,2.372262,-17.88556
wc3,21.176218,7.959308
wc3,-19.332476,11.327406
wc3,13.325041,-3.7395332
wc3,12.073647,-0.63630116
wc3,2.1379852,-3.975178
wc3,20.473246,-12.317288
wc3,13.4908905,-1.4757892
wc3,17.705252,-14.101646
wc3,-1.2876921,-1.6638701
wc3,10.653461,9.395753
wc3,-12.510371,5.963772
wc3,-29.68852,-6.1299095
wc3,20.090227,11.067126
wc3,6.8592095,-6.989526
wc3,18.778896,11.568929
wc3,13.25017,11.439418
wc3,19.857388,5.5927415
wc3,5.18685,16.27841
wc3,-0.37845045,-3.4726543
wc3,14.10633,21.129692
wc3,18.837393,14.13271
wc3,12.228476,-0.033659402
wc3,15.622115,-19.558744
wc3,-16.363422,19.18715
wc3,-3.7542639,9.101196
wc3,5.785877,-17.25398
wc3,-2.0163698,7.390867
wc3,17.771732,14.876909
wc3,12.010281,-16.512804
wc3,9.5616865,-12.214912
wc3,23.050835,-9.220321
wc3,3.5719192,13.615037
wc3,8.808937,18.663616
wc3,14.931248,-15.140473
wc3,15.277708,5.8528085
wc3,8.002321,10.301599
wc3,29.519035,14.357384
wc3,19.984911,-18.6017
wc3,-4.304181,-2.6857128
wc3,5.3433423,-4.962572
wc3,7.5627356,11.1131115
wc3,25.50049,10.084213
wc3,22.037039,15.552856
wc3,5.0833464,15.921115
wc3,23.432539,3.8920202
wc3,22.191927,-3.252971
wc3,8.80265,1.6186153
wc3,14.165162,-7.591569
wc3,31.060389,11.290425
wc3,4.837373,7.4246154
wc3,-4.2128077,-14.226134
wc3,17.062855,2.3679214
wc3,30.2509,5.0964904
wc3,21.960123,-7.032654
wc3,23.864777,0.91358614
wc3,-0.0058745276,18.787983
wc3,-7.5762844,12.944369
wc3,13.716384,2.4454226
wc3,-2.9548006,23.415956
wc3,8.759419,6.3917985
wc3,21.310247,13.714018
wc3,3.0154219,-23.477491
wc3,7.116792,9.705171
wc3,11.005097,-8.105096
wc3,15.666209,27.108393
wc3,21.32383,10.513928
wc3,-10.244449,-15.14585
wc3,13.999048,20.779676
wc3,25.82884,-0.07823336
wc3,14.294201,-15.689855
wc3,13.869712,-7.552059
wc3,-3.5009568,15.196455
wc3,27.549845,-1.383218
wc3,31.013533,1.4093246
wc3,-5.6083965,6.1273255
wc3,17.832857,2.0674121
wc3,13.481149,-0.2027231
wc3,-2.7347145,10.812526
wc3,21.758188,-13.1749115
wc3,11.812109,4.0751543
wc3,-7.9231143,-24.658287
wc3,7.2903814,22.368757
wc3,17.676008,14.814421
wc3,-1.3599232,20.416483
wc3,3.6208584,15.022774
wc3,5.2442975,8.988998
wc3,23.31239,-3.0137012
wc3,0.2329056,-11.509278
wc3,5.912425,-0.13396992
wc3,-5.623633,18.83727
wc3,24.122663,-7.3395085
wc3,-9.302884,9.484503
wc3,14.956933,-13.622484
wc3,21.042011,13.525354
wc3,12.2908535,-2.5573025
wc3,-8.644765,19.148846
wc3,8.064281,25.994116
wc3,18.83443,1.6385031
wc3,13.886742,11.971974
wc3,16.089983,0.77528346
wc3,10.233117,16.516314
wc3,12.221144,5.520648
wc3,18.99347,11.599236
wc3,18.781824,-3.6466417
wc3,16.328,6.7115626
wc3,-2.7030005,11.151761
wc3,1.3445152,9.346733
wc3,-6.3575635,9.346826
wc3,12.284591,-11.268013
wc3,22.36383,12.55567
wc3,3.5087788,1.0641478
wc3,14.249017,2.8771505
wc3,4.805447,19.65254
wc3,0.39481443,16.584276
wc3,5.344488,-11.427307
wc3,1.7768282,0.32373336
wc3,22.430931,-0.82662994
wc3,11.17731,-11.469703
wc3,15.085268,4.0874414
wc3,-11.754289,20.817568
wc3,10.187044,-12.250315
wc3,15.199089,-9.656667
wc3,10.415414,10.926732
wc3,8.108657,7.896992
wc3,-7.8634377,-13.737464
wc3,12.183949,21.446503
wc3,8.783075,12.54998
wc3,-8.587467,24.61017
wc3,15.547134,1.7214984
wc3,21.312176,-0.8001046
wc3,8.335185,-8.4644785
wc3,20.63875,3.5911822
wc3,21.33209,11.159267
wc3,22.94457,2.822023
wc3,21.317661,-0.6892599
wc3,13.059835,3.233062
wc3,11.832457,-13.65634
wc3,11.419678,-9.134167
wc3,24.10372,-0.5079128
wc3,16.186214,12.218407
wc3,-0.6926155,13.238614
wc3,19.262444,-8.7957535
wc3,18.582485,-12.833113
wc3,-0.0063928254,8.190513
wc3,6.190471,14.7790165
wc3,-0.18889287,9.43075
wc3,13.407311,9.061695
wc3,9.4618635,4.7187266
wc3,3.4115617,27.952961
wc3,-6.0924897,9.107209
wc3,32.823055,1.5449255
wc3,4.7412567,18.929848
wc3,3.79468,-11.560492
wc3,-2.9487052,21.208397
wc3,13.882765,-7.397796
wc3,21.518332,-0.24117401
wc3,-1.7987986,9.422204
wc3,-5.074051,4.916448
wc3,2.992202,3.1691413
wc3,-2.4532392,18.97389
wc3,10.323805,0.7109552
wc3,7.8851223,-4.2737727
wc3,12.427579,-11.4665165
wc3,22.126554,17.884903
wc3,-6.23786,27.889973
wc3,2.9917183,18.830473
wc3,6.968315,-4.8965864
wc3,19.279955,18.087465
wc3,15.473978,23.081
wc3,6.62784,-2.5469933
wc3,14.931488,-13.55148
wc3,-11.754858,20.791304
wc3,3.1257439,-7.419697
wc3,21.351997,-19.274519
wc3,-19.262774,19.020685
wc3,25.58134,-0.77671254
wc3,6.6850085,10.865033
wc3,1.8580881,25.040178
wc3,16.789167,-9.886772
wc3,21.77529,-7.20116
wc3,-11.981651,7.998693
wc3,-5.5819545,-1.9786916
wc3,8.999059,11.869939
wc3,5.13698,22.323145
wc3,-0.045132406,11.6229925
wc3,6.0840364,3.3756537
wc3,20.56067,1.2523882
wc3,8.605843,5.2363014
wc3,-0.21175544,9.224885
wc3,13.645779,-1.83155
wc3,26.03097,12.694528
wc3,14.915634,-0.8367962
wc3,-7.3306074,20.235514
wc3,13.070032,4.13162
wc3,6.664563,13.341395
wc3,4.3897705,-11.0728
wc3,0.17516482,11.9958515
wc3,18.912476,-13.659157
wc3,-6.1809964,2.5995874
wc3,19.805044,-19.252998
wc3,5.2699885,-14.514591
wc3,20.447956,3.9261193
wc3,17.767513,-7.670518
wc3,15.708776,0.9582094
wc3,15.169612,-12.887781
wc3,-4.376173,-12.316171
wc3,21.335714,15.064567
wc3,15.455459,16.988377
wc3,-2.1279478,13.275084
wc3,-0.065870985,-5.670324
wc3,-1.799231,14.499182
wc3,21.661922,23.009117
wc3,9.641253,-10.250986
wc3,9.245328,15.520523
wc3,25.145203,9.136776
wc3,16.811691,-9.983087
wc3,14.118761,-6.740396
wc3,21.136747,13.514076
wc3,16.59945,-1.7596993
wc3,26.97624,9.529621
wc3,13.751652,-3.1281302
wc3,27.93589,8.0825405
wc3,2.0419247,-9.787068
wc3,16.519896,13.649472
wc3,-25.23918,-7.5375295
wc3,8.290673,-18.286518
wc3,8.844284,4.2384
wc3,3.3007553,16.513474
wc3,24.794216,9.947467
wc3,8.023614,25.424374
wc3,-4.2958593,-21.025927
wc3,15.033025,-16.564886
wc3,-1.913283,-1.4380615
wc3,12.514487,-2.6822343
wc3,6.6836567,27.999018
wc3,24.309431,-4.325605
wc3,11.892117,13.106552
wc3,-0.15667225,16.541927
wc3,11.473072,7.3015203
wc3,15.901204,-15.794813
wc3,-6.503245,13.207206
wc3,16.735281,14.97501
wc3,17.205248,-6.9817805
wc3,7.669799,-0.76632833
wc3,7.5915055,-13.135074
wc3,21.758734,21.270237
wc3,-9.848635,-21.246965
wc3,-2.5732408,-0.5983354
wc3,11.155273,-4.1273355
wc3,14.804764,-4.0292764
wc3,1.5980762,-3.1503127
wc3,8.123786,26.167131
wc3,19.548796,-3.9803858
wc3,4.7470865,-12.335572
wc3,11.915919,7.696346
wc3,10.549121,-6.6140466
wc3,-8.494803,-0.69212747
wc3,-6.078321,12.890023
wc3,8.048874,-5.6419153
wc3,7.728286,-5.7614264
wc3,-6.572846,11.696744
wc3,15.687554,-15.464769
wc3,23.221231,14.70842
wc3,13.43568,9.834596
wc3,18.053093,-3.068131
wc3,5.4378295,-18.747389
wc3,15.608519,0.9079909
wc3,21.69323,22.740166
wc3,3.8764572,-13.903222
wc3,3.8123548,-1.8918909
wc3,7.239945,8.851577
wc3,6.29142,-9.488819
wc3,5.4284434,-13.468432
wc3,7.6535945,-8.064439
wc3,21.164501,10.2469425
wc3,-7.5613794,-0.094830945
wc3,-7.35931,-19.693937
wc3,-8.283601,-18.20173
wc3,21.228882,7.5116653
wc3,-5.8621073,-4.8395495
wc3,0.29719505,11.589132
wc3,28.825937,-8.036164
wc3,15.714858,13.076505
wc3,0.8643559,-23.109182
wc3,-12.135667,17.112986
wc3,2.8497937,-10.165616
wc3,-0.61101717,8.448745
wc3,12.288651,-5.731881
wc3,29.605345,5.4871373
wc3,-0.0074955313,8.131533
wc3,22.1351,7.611402
wc3,5.3667817,1.6023047
wc3,5.3281393,-7.6375756
wc3,-7.712174,-22.730627
wc3,-19.392202,-12.295879
wc3,15.162736,15.498799
wc3,-28.807673,0.58687943
wc3,5.535425,-1.9683017
wc3,0.98370844,-8.891067
wc3,12.295606,6.556747
wc3,16.413242,20.355139
wc3,-9.127956,5.364657
wc3,10.463949,-0.2227794
wc3,-4.81367,-15.755497
wc3,2.3432984,-17.829111
wc3,10.932861,-7.4475
wc3,12.113762,-11.953388
wc3,7.545058,-16.437803
wc3,21.92169,1.7882036
wc3,6.5356884,-1.0991871
wc3,-9.187342,10.878161
wc3,17.472685,17.147692
wc3,20.784252,-5.343005
wc3,-17.220396,13.836004
wc3,20.635063,2.209546
wc3,12.117633,-10.6706705
wc3,12.941417,14.451465
wc3,14.994504,3.798732
wc3,15.351839,10.995923
wc3,22.604303,9.227779
wc3,4.8827457,4.0074883
wc3,1.8047938,8.888505
wc3,4.4392557,-2.3292923
wc3,15.52909,7.872133
wc3,14.214098,-17.030437
wc3,-7.1100464,10.694066
wc3,2.057396,2.8630266
wc3,13.047981,3.9815476
wc3,16.424118,9.023122
wc3,-6.568536,13.033514
wc3,1.7538905,4.0053267
wc3,1.4425368,-7.71345
wc3,-6.5078874,-18.159883
wc3,9.638755,13.917509
wc3,16.568754,-9.656152
wc3,18.81413,6.175159
wc3,9.577036,12.039148
wc3,4.800035,-11.799367
wc3,6.385713,19.986633
wc3,3.418373,7.420099
wc3,0.6369352,-3.576675
wc3,8.577112,-24.668064
wc3,-16.167263,12.168918
wc3,2.1512125,-6.460405
wc3,-14.390429,20.411852
wc3,18.74024,4.3356857
wc3,1.93993,-5.3271646
wc3,5.2299876,10.896252
wc3,5.7818556,17.336012
wc3,24.91454,-3.1751435
wc3,-14.201993,8.073813
wc3,16.478878,-6.901758
wc3,17.581547,4.4010925
wc3,-1.8146442,9.753105
wc3,-18.553993,7.194609
wc3,-10.597501,17.928722
wc3,3.5273921,-1.8359578
wc3,15.075759,7.7795715
wc3,-6.1980762,1.5919791
wc3,12.405659,-22.062899
wc3,24.46742,-5.3965135
wc3,7.543996,1.2485979
wc3,7.400781,22.588017
wc3,18.379517,6.078609
wc3,2.7063482,10.511951
wc3,9.752846,-1.2302332
wc3,7.340301,-4.627733
wc3,24.163273,-0.44714114
wc3,1.0755992,14.278632
wc3,-13.967378,7.7121415
wc3,14.998854,-4.7245092
wc3,-1.823031,-13.503087
wc3,24.489346,-9.397848
wc3,7.8882666,-13.530934
wc3,14.931663,-6.0959916
wc3,11.069038,-8.93214
wc3,2.1732354,6.2654915
wc3,20.03436,-18.26288
wc3,-3.1936388,20.896011
wc3,-6.5537167,3.124665
wc3,11.766304,-13.607001
wc3,17.942425,-12.947625
wc3,7.449138,2.4311416
wc3,4.1572275,5.4678593
wc3,1.8050516,-11.8502035
wc3,-9.0840435,-1.9996908
wc3,7.379435,-6.958677
wc3,23.541647,10.021435
wc3,12.618436,-4.22776
wc3,10.688506,-6.000638
wc3,11.882033,9.341656
wc3,1.1181861,-3.0921972
wc3,-8.237292,7.2860594
wc3,5.888918,-4.813372
wc3,11.79445,9.052898
wc3,22.024227,0.48523343
wc3,8.004636,-5.916792
wc3,13.284315,-4.861487
wc3,-5.1688213,17.468756
wc3,15.201975,15.2838545
wc3,25.344608,-0.33462927
wc3,7.4397902,-11.48528
wc3,7.2321486,-24.733406
wc3,9.973194,-21.594917
wc3,2.0804994,-6.4734173
wc3,-3.802651,-3.9119565
wc3,-10.188666,19.942965
wc3,18.040382,-2.0794325
wc3,7.2283382,-18.273926
wc3,-9.710886,-0.5610594
wc3,1.3852113,2.5305667
wc3,-8.581905,8.144244
wc3,-2.1476226,-3.9238973
wc3,7.7550464,-8.140389
wc3,8.204136,-10.73151
wc3,-3.3804164,19.265736
wc3,4.2330685,3.8198218
wc3,3.7654305,-3.910562
wc3,5.1240673,-1.2347175
wc3,-9.46526,9.433498
wc3,4.4379873,-7.4526453
wc3,-2.348048,1.4285971
wc3,28.246267,11.697043
wc3,16.346125,-17.246868
wc3,3.2806485,-4.8133693
wc3,21.384947,15.999258
wc3,17.338028,-0.05837379
wc3,23.68092,-1.59639
wc3,10.695189,11.758255
wc3,3.6260757,7.1830215
wc3,24.4276,-5.1412177
wc3,14.986913,6.1495605
wc3,-5.527143,24.464901
wc3,2.4771616,1.677409
wc3,-14.99888,-3.4967773
wc3,-7.2858696,-17.176342
wc3,-6.676416,4.06883
wc3,9.871214,-12.3847885
wc3,23.702368,10.9914665
wc3,12.345774,6.640296
wc3,-14.029428,23.601
wc3,21.540604,3.0379593
wc3,9.05081,11.967503
wc3,17.862776,4.4445
wc3,23.870234,18.923794
wc3,10.475816,-9.681426
wc3,15.57746,-2.0990005
wc3,17.105534,25.711155
wc3,3.0827358,4.143407
wc3,7.4043946,-1.511115
wc3,9.849864,13.070882
wc3,-0.8299715,5.775434
wc3,3.386364,-4.0949564
wc3,4.4510717,1.2635587
wc3,3.6740139,2.6617606
wc3,-13.187946,18.535978
wc3,-5.403248,21.853973
wc3,21.369244,-5.548465
wc3,22.633366,7.959104
wc3,4.675655,-18.808462
wc3,18.87273,1.2656789
wc3,-0.236905,15.258028
wc3,-16.240679,-0.8905634
wc3,14.848116,-3.6136198
wc3,17.948359,-1.9606981
wc3,23.782486,7.3426785
wc3,18.981062,-0.17464514
wc3,9.664523,12.049328
wc3,22.138887,6.4861164
wc3,21.596195,15.593447
wc3,4.66454,18.694504
wc3,-1.7704937,14.542506
wc3,-1.8958822,-19.41382
wc3,21.264923,5.421153
wc3,13.045675,-21.939844
wc3,23.227861,4.8134494
wc3,5.6327696,2.288651
wc3,18.825813,-0.20081408
wc3,13.615163,13.482832
wc3,4.54176,-8.535005
wc3,14.8933,8.120501
wc3,25.420885,-0.6151949
wc3,23.798567,-4.4284997
wc3,27.65155,16.128397
wc3,6.727485,20.347445
wc3,3.0228536,-10.000514
wc3,23.90355,-7.0471487
wc3,-13.933214,23.51706
wc3,-8.273712,-16.318907
wc3,22.187626,5.802749
wc3,-0.75878006,10.8987255
wc3,-5.6520414,21.943651
wc3,20.623468,-10.263723
wc3,32.227394,1.5622355
wc3,6.6041646,20.386686
wc3,5.538209,5.912517
wc3,5.3851542,15.805064
wc3,10.826746,-2.3007722
wc3,10.455115,1.4448799
wc3,10.370878,15.202688
wc3,6.094803,7.3901367
wc3,19.154186,-8.855134
wc3,22.89738,-11.311317
wc3,16.799444,14.70123
wc3,29.32626,-0.3735593
wc3,-7.6657653,6.143633
wc3,18.267557,3.1839335
wc3,2.2578359,-13.047542
wc3,0.5397435,-3.7040377
wc3,14.243691,12.043491
wc3,-8.202159,4.697074
wc3,20.613894,-14.856447
wc3,2.1556802,-13.180403
wc3,21.913212,5.9512715
wc3,25.274876,-0.26929188
wc3,-4.973938,-3.8081532
wc3,-10.309455,10.131606
wc3,20.610651,13.016696
wc3,19.696928,-19.636045
wc3,-11.980887,-3.1299522
wc3,6.616769,-1.0018107
wc3,25.899292,10.006068
wc3,-25.721397,4.4984813
wc3,27.912518,-2.387253
wc3,-8.59457,16.012196
wc3,17.176071,-18.00537
wc3,4.4040647,-9.53057
wc3,22.451492,15.547861
wc3,-5.1856694,17.45704
wc3,-2.7477207,26.564474
wc3,28.784922,-8.11453
wc3,3.739051,-7.0767665
wc3,-21.378912,16.64502
wc3,1.9009621,15.057278
wc3,14.599635,3.0567744
wc3,-4.394935,-3.8016093
wc3,-14.322404,8.190433
wc3,-15.060789,16.815994
wc3,12.286575,-24.633636
wc3,17.103844,-15.491968
wc3,0.9354523,13.068687
wc3,29.529541,5.5028496
wc3,-7.827212,10.963013
wc3,19.9991,2.2074084
wc3,-15.968259,12.04013
wc3,1.3069835,15.272018
wc3,-8.873093,-11.28446
wc3,22.307013,3.240705
wc3,7.5601788,-2.4775155
wc3,3.2696543,1.5566303
wc3,26.31177,11.228449
wc3,8.894338,-11.826736
wc3,26.123747,0.33658102
wc3,-9.323061,12.610442
wc3,-11.755844,13.490492
wc3,9.142996,16.161392
wc3,3.015853,-26.249529
wc3,11.82156,9.2115345
wc3,21.974693,-3.1645787
wc3,-0.7061564,4.7387013
wc3,-5.781945,4.6860776
wc3,7.9279985,2.5775533
wc3,5.33441,12.563972
wc3,10.344146,1.5242559
wc3,7.990168,17.949158
wc3,9.527479,-3.3109171
wc3,14.777448,-3.2540617
wc3,9.465364,-16.991192
wc3,-5.8816056,5.9960647
wc3,12.389408,-6.3802047
wc3,24.702496,2.286628
wc3,18.024477,13.053532
wc3,0.2117906,17.978683
wc3,25.243212,5.3186507
wc3,0.24530654,9.645624
wc3,-6.280133,9.363483
wc3,5.9444776,-12.036684
wc3,3.8475842,6.086901
wc3,-2.1970441,-21.1273
wc3,-10.1315775,5.145302
wc3,-1.5418885,-6.8085837
wc3,7.5419736,-16.324514
wc3,21.38309,14.380093
wc3,15.924986,-15.634417
wc3,4.1001163,-15.509159
wc3,-0.48247975,4.908052
wc3,4.392611,-14.108377
wc3,7.136442,4.017289
wc3,9.331186,-8.109418
wc3,18.125324,0.13653734
wc3,5.7632256,-8.907657
wc3,5.7777667,-6.193302
wc3,26.280788,12.458235
wc3,16.602747,-10.817375
wc3,23.41276,12.718389
wc3,-2.8523383,21.335392
wc3,12.95521,-11.315821
wc3,21.672749,-3.802767
wc3,1.8480195,12.5579605
wc3,-2.1765966,8.446903
wc3,18.019642,13.029003
wc3,-8.661753,6.016681
wc3,12.070966,0.2869421
wc3,-2.4179568,13.073953
wc3,6.2700734,6.9741197
wc3,-11.644827,5.429919
wc3,20.596182,3.9621708
wc3,22.101925,5.85241
wc3,21.767986,-2.9476018
wc3,-13.9924555,16.011652
wc3,13.301766,-18.130703
wc3,24.253355,-4.4161196
wc3,14.613426,8.796304
wc3,27.231138,11.572249
wc3,20.083406,1.8749182
wc3,12.7724,-12.9055395
wc3,14.179642,18.844608
wc3,16.07182,-22.178333
wc3,19.354788,20.742474
wc3,27.563478,-1.3386992
wc3,9.284361,-10.378438
wc3,21.820042,21.290627
wc3,-1.5534433,-1.5558687
wc3,14.206021,21.131699
wc3,5.4062624,-12.677099
wc3,21.792488,3.1153939
wc3,0.9225011,14.290796
wc3,20.782297,-5.1166706
wc3,7.7788286,-1.8473738
wc3,23.766424,15.702532
wc3,18.66316,-5.6555037
wc3,-7.2407966,-3.6425204
wc3,24.314785,13.151145
wc3,14.564069,-10.88488
wc3,-7.590177,-1.184426
wc3,-2.9446602,15.156491
wc3,8.48928,-20.183681
wc3,12.5387,-4.1355243
wc3,3.0320485,-14.477472
wc3,22.750875,9.349722
wc3,6.164726,7.5112042
wc3,8.92694,-17.757277
wc3,-13.054879,14.212516
wc3,-6.6915617,-2.0041234
wc3,17.29162,-0.67114776
wc3,1.1302373,-6.5890064
wc3,8.274783,0.82608896
wc3,27.591331,-1.4120159
wc3,-17.983852,7.1684484
wc3,6.8179803,5.4905753
wc3,4.1943927,13.354009
wc3,-7.433336,-5.1691008
wc3,9.018803,21.186378
wc3,-3.090831,-2.6212564
wc3,-20.862635,9.702607
wc3,3.4881842,-3.4080765
wc3,-1.6601268,24.56946
wc3,0.026301363,20.007395
wc3,3.164626,0.14371142
wc3,0.9431518,3.177807
wc3,26.706993,-6.884168
wc3,4.9090934,-9.386002
wc3,20.603334,-5.900077
wc3,-6.7073903,6.8185387
wc3,10.848819,-9.114913
wc3,10.799469,5.127172
wc3,-4.6001577,12.729134
wc3,3.2078478,-4.325567
wc3,-9.984095,8.301485
wc3,16.651472,1.045967
wc3,10.723033,5.200843
wc3,-6.8096023,-0.58755213
wc3,4.275079,1.1910757
wc3,0.29666358,1.0456549
wc3,17.229305,-4.567991
wc3,-21.35856,16.6233
wc3,-9.113081,3.705045
wc3,22.305079,17.586292
wc3,-11.324824,12.908875
wc3,16.405182,-1.8130424
wc3,11.113306,0.70051885
wc3,16.847807,-12.488988
wc3,13.267645,-18.262156
wc3,4.496151,-10.685191
wc3,18.766026,6.446321
wc3,24.932234,-7.9558926
wc3,0.4213195,-11.075459
wc3,12.237997,1.3176574
wc3,19.092094,-19.781437
wc3,3.3537307,3.5124843
wc3,2.011734,20.636261
wc3,15.341905,-11.124111
wc3,6.002065,17.873745
wc3,9.841813,2.4541578
wc3,-11.174902,-15.651442
wc3,-7.3233705,20.21424
wc3,12.8652725,7.784705
wc3,7.4802055,-18.217669
wc3,-13.761363,18.37013
wc3,18.361153,7.8586187
wc3,0.1815143,6.4368343
wc3,5.139774,22.224573
wc3,5.3319774,-3.9994226
wc3,4.73902,15.804063
wc3,0.27806324,9.65463
wc3,-7.193358,8.310002
wc3,8.8149605,1.0595868
wc3,-4.8936663,-11.624428
wc3,-7.3680916,1.26738
wc3,-12.74985,2.7622466
wc3,18.44983,11.35727
wc3,8.120958,-1.1842568
wc3,10.716752,8.848921
wc3,8.902328,-11.75916
wc3,7.6794662,-12.662143
wc3,26.236216,6.938498
wc3,12.729876,-14.987654
wc3,1.1677821,-12.755322
wc3,7.244088,-4.660718
wc3,5.6453686,-9.907926
wc3,26.142248,6.9441824
wc3,10.424889,-9.872425
wc3,9.86696,-3.9657524
wc3,27.20339,9.561392
wc3,1.0317059,5.3085666
wc3,2.5300152,-7.4598403
wc3,15.358341,2.121322
wc3,7.0395107,-13.671433
wc3,23.444464,-6.271508
wc3,8.5131235,-4.808423
wc3,-5.808539,16.458004
wc3,22.226032,3.2176206
wc3,27.46608,6.750946
wc3,-16.378836,19.20085
wc3,11.297923,2.7914746
wc3,12.663176,1.8616935
wc3,-1.4136602,-11.048969
wc3,11.396525,6.124104
wc3,23.707012,1.7058057
wc3,-6.1745596,9.752818
wc3,-11.306749,-17.928055
wc3,-27.189522,6.3482323
wc3,0.6670245,-14.8455
wc3,4.3943515,-0.7861258
wc3,2.334636,8.439804
wc3,14.262839,3.2326972
wc3,2.1609693,13.009211
wc3,1.9205842,-2.27918
wc3,15.812775,5.7186217
wc3,1.158847,29.91537
wc3,-1.8157411,18.71665
wc3,-2.6013048,-8.157554
wc3,26.096867,1.4745454
wc3,7.7348228,-1.8830744
wc3,6.908487,9.227525
wc3,0.6554497,-20.171053
wc3,16.776672,-5.2395015
wc3,8.847238,10.963851
wc3,9.426994,-8.098943
wc3,12.4486685,-2.2860043
wc3,-4.872953,-9.491702
wc3,-21.48361,-19.685577
wc3,10.672542,-17.080353
wc3,15.275553,15.491041
wc3,26.86128,-6.9609704
wc3,10.784823,-10.910412
wc3,4.1371493,-17.664028
wc3,5.0179896,2.4880195
wc3,-7.830032,-12.721397
wc3,-6.5736504,-11.809801
wc3,-2.1480834,15.549019
wc3,-3.1492243,-4.7979007
wc3,10.71115,6.4111624
wc3,3.1264286,-4.305126
wc3,6.539712,-14.871471
wc3,-6.646196,-21.24315
wc3,-1.6252007,-5.992004
wc3,8.375721,0.39894184
wc3,-1.7773709,-19.504206
wc3,6.038912,-6.357301
wc3,12.5984335,-17.13567
wc3,7.7107453,3.2214208
wc3,7.38633,16.121426
wc3,21.200235,-8.068795
wc3,-2.796058,-14.592919
wc3,7.3257594,6.4639516
wc3,19.256315,11.499923
wc3,4.3366175,-4.029619
wc3,8.003038,25.442036
wc3,5.542638,1.9785767
wc3,1.1946262,22.21066
wc3,11.86754,-12.401857
wc3,19.183563,-7.4013424
wc3,2.6859236,5.16544
wc3,7.4068832,-9.470987
wc3,4.046283,0.8707395
wc3,16.413633,7.4697537
wc3,10.983498,0.89033747
wc3,7.918052,1.3414845
wc3,0.8356501,12.952872
wc3,7.2491183,11.428833
wc3,23.690378,-1.5448352
wc3,31.155916,-1.9727306
wc3,13.693612,15.888285
wc3,-4.2785707,-7.787012
wc3,7.712259,-3.6045983
wc3,8.307884,-3.325179
wc3,12.519011,-2.6926303
wc3,12.976366,-9.133613
wc3,-12.899233,3.2438223
wc3,1.2144902,-9.851632
wc3,-6.948952,2.743312
wc3,13.331961,-13.675031
wc3,24.88702,4.0609117
wc3,5.3938556,-10.128607
wc3,22.595085,-4.3183827
wc3,16.712368,-5.347929
wc3,-2.118776,-11.4959955
wc3,-1.1938592,3.4650466
wc3,-5.6858196,-14.373861
wc3,1.3640939,16.812298
wc3,26.753016,-6.906606
wc3,17.440632,1.3904555
wc3,-6.3036675,-21.315851
wc3,9.537337,-5.4874434
wc3,0.697393,3.4187686
wc3,-0.85596406,4.7275124
wc3,13.33908,9.247179
wc3,6.106018,-16.94745
wc3,-10.110558,9.467481
wc3,-15.004858,10.992935
wc3,13.202154,17.247555
wc3,-1.2979953,21.578344
wc3,8.583914,-2.4929414
wc3,-17.884487,-16.603209
wc3,16.456808,9.431409
wc3,25.08698,2.4769704
wc3,-1.3184884,-3.4860547
wc3,18.974455,-15.835857
wc3,8.753414,18.72305
wc3,18.841488,-3.7956703
wc3,9.401156,-7.113774
wc3,8.5147085,10.163654
wc3,-24.149397,5.501307
wc3,14.112074,-9.185944
wc3,19.07075,17.801895
wc3,16.002913,-3.9835484
wc3,-1.2301743,-3.2329094
wc3,12.133303,15.99191
wc3,7.726162,20.126791
wc3,12.358467,14.812389
wc3,12.757892,-15.058917
wc3,9.323635,17.28143
wc3,5.495581,-7.4389696
wc3,4.1561236,-21.98619
wc3,-3.0783708,12.516147
wc3,8.31462,10.159377
wc3,6.579743,5.2981777
wc3,20.579847,-2.5505893
wc3,0.6817299,-20.230892
wc3,6.1776505,-16.886864
wc3,10.995509,16.288172
wc3,18.036997,19.254568
wc3,-7.05747,18.1035
wc3,12.276308,12.845572
wc3,8.150152,-3.1072307
wc3,-2.7933776,-6.07872
wc3,0.9784163,16.825201
wc3,12.955793,-3.7374592
wc3,20.183567,6.7473917
wc3,4.204658,20.44294
wc3,22.43835,-15.573282
wc3,19.404053,20.576208
wc3,33.32876,5.6242647
wc3,-19.898428,14.10504
wc3,-0.5045838,13.338692
wc3,-1.4016794,18.50003
wc3,7.451127,18.575035
wc3,11.798113,-7.8960834
wc3,16.327654,-6.445364
wc3,9.098093,21.4421
wc3,-6.95016,6.824787
wc3,19.91293,-1.2075373
wc3,31.205368,1.4338902
wc3,19.367373,-3.90557
wc3,12.943211,12.552399
wc3,-19.307184,4.588936
wc3,25.787497,-15.492619
wc3,-6.0108047,11.172716
wc3,-6.939359,10.983012
wc3,1.7916496,4.0203266
wc3,-1.6037307,19.486357
wc3,14.131099,0.9006209
wc3,10.490132,7.238828
wc3,1.6764764,-16.347818
wc3,16.689203,-5.2997074
wc3,1.1349857,-4.5833635
wc3,13.635579,-10.441306
wc3,23.149227,-5.8548117
wc3,-0.34618992,-1.4059278
wc3,27.757605,3.375626
wc3,21.432896,8.343902
wc3,12.482357,19.18842
wc3,-2.8471353,4.8350773
wc3,4.7191358,-12.489842
wc3,-0.9224549,-15.393309
wc3,10.707166,22.899933
wc3,15.555579,22.465958
wc3,17.993515,19.17056
wc3,-17.015383,7.345116
wc3,1.939064,9.291118
wc3,4.0670147,17.652754
wc3,2.564459,4.9785147
wc3,21.804754,-7.2799783
wc3,12.539718,-5.8421993
wc3,-1.6638484,29.890003
wc3,-6.8512716,-15.294527
wc3,-2.7556484,10.770135
wc3,-10.148074,22.890553
wc3,2.4071245,1.8485845
wc3,30.649609,1.4019078
wc3,0.0749795,0.07367894
wc3,19.431665,18.33072
wc3,20.891932,8.742305
wc3,-11.637605,13.414495
wc3,5.4703655,22.884306
wc3,9.737423,18.614117
wc3,23.664257,-0.6124363
wc3,17.470266,13.299602
wc3,19.887451,3.866634
wc3,13.866846,23.480623
wc3,6.786263,8.897553
wc3,9.596471,-13.964073
wc3,25.126644,4.5670404
